Date,Open,High,Low,Close,Adj_Close,Volume,Asset
2024-08-20,2503.5,2527.300048828125,2500.699951171875,2511.300048828125,2511.300048828125,187,Gold
2024-08-21,2511.0,2515.39990234375,2503.89990234375,2508.39990234375,2508.39990234375,96,Gold
2024-08-22,2504.10009765625,2504.10009765625,2471.10009765625,2478.89990234375,2478.89990234375,210,Gold
2024-08-23,2486.5,2508.39990234375,2486.5,2508.39990234375,2508.39990234375,94,Gold
2024-08-26,2509.89990234375,2523.10009765625,2509.10009765625,2517.699951171875,2517.699951171875,290,Gold
2024-08-27,2515.199951171875,2523.10009765625,2506.89990234375,2516.0,2516.0,100,Gold
2024-08-28,2501.0,2501.0,2501.0,2501.0,2501.0,2353,Gold
2024-08-29,2504.10009765625,2525.699951171875,2503.89990234375,2525.699951171875,2525.699951171875,3966,Gold
2024-08-30,2519.5,2525.39990234375,2493.800048828125,2493.800048828125,2493.800048828125,208,Gold
2024-09-03,2501.60009765625,2501.800048828125,2476.300048828125,2489.89990234375,2489.89990234375,206,Gold
2024-09-04,2490.89990234375,2493.39990234375,2483.5,2493.39990234375,2493.39990234375,470,Gold
2024-09-05,2493.699951171875,2513.300048828125,2493.39990234375,2511.39990234375,2511.39990234375,54,Gold
2024-09-06,2510.300048828125,2517.89990234375,2483.699951171875,2493.5,2493.5,96,Gold
2024-09-09,2491.300048828125,2504.699951171875,2491.300048828125,2501.800048828125,2501.800048828125,96,Gold
2024-09-10,2512.300048828125,2512.300048828125,2512.300048828125,2512.300048828125,2512.300048828125,5,Gold
2024-09-11,2525.800048828125,2525.800048828125,2502.300048828125,2512.10009765625,2512.10009765625,90,Gold
2024-09-12,2529.10009765625,2557.0,2523.39990234375,2551.199951171875,2551.199951171875,132,Gold
2024-09-13,2568.800048828125,2581.800048828125,2565.0,2581.300048828125,2581.300048828125,31,Gold
2024-09-16,2580.39990234375,2580.39990234375,2580.39990234375,2580.39990234375,2580.39990234375,28,Gold
2024-09-17,2581.199951171875,2581.800048828125,2564.300048828125,2564.300048828125,2564.300048828125,22,Gold
2024-09-18,2570.699951171875,2570.699951171875,2549.199951171875,2570.699951171875,2570.699951171875,25,Gold
2024-09-19,2566.0,2588.0,2566.0,2588.0,2588.0,99,Gold
2024-09-20,2590.39990234375,2621.800048828125,2590.39990234375,2619.89990234375,2619.89990234375,17,Gold
2024-09-23,2626.5,2626.5,2626.5,2626.5,2626.5,9,Gold
2024-09-24,2636.800048828125,2662.300048828125,2625.5,2651.199951171875,2651.199951171875,35,Gold
2024-09-25,2656.300048828125,2664.199951171875,2649.300048828125,2659.199951171875,2659.199951171875,175,Gold
2024-09-26,2662.300048828125,2669.89990234375,2660.800048828125,2669.89990234375,2669.89990234375,17216,Gold
2024-09-27,2670.0,2672.10009765625,2641.699951171875,2644.300048828125,2644.300048828125,4228,Gold
2024-09-30,2660.89990234375,2662.10009765625,2623.199951171875,2636.10009765625,2636.10009765625,973,Gold
2024-10-01,2631.39990234375,2670.89990234375,2631.39990234375,2667.300048828125,2667.300048828125,153,Gold
2024-10-02,2650.60009765625,2657.199951171875,2640.0,2647.10009765625,2647.10009765625,72,Gold
2024-10-03,2642.800048828125,2657.10009765625,2640.0,2657.10009765625,2657.10009765625,354,Gold
2024-10-04,2656.0,2667.0,2639.0,2645.800048828125,2645.800048828125,114,Gold
2024-10-07,2648.699951171875,2657.39990234375,2639.0,2644.800048828125,2644.800048828125,284,Gold
2024-10-08,2639.0,2639.0,2609.300048828125,2615.0,2615.0,687,Gold
2024-10-09,2603.0,2607.699951171875,2603.0,2606.0,2606.0,152,Gold
2024-10-10,2602.5,2628.300048828125,2602.5,2620.60009765625,2620.60009765625,320,Gold
2024-10-11,2638.300048828125,2658.10009765625,2638.199951171875,2657.60009765625,2657.60009765625,12,Gold
2024-10-14,2655.0,2655.300048828125,2647.800048828125,2647.800048828125,2647.800048828125,40,Gold
2024-10-15,2661.39990234375,2661.39990234375,2661.39990234375,2661.39990234375,2661.39990234375,39,Gold
2024-10-16,2674.0,2674.0,2674.0,2674.0,2674.0,6,Gold
2024-10-17,2677.39990234375,2691.699951171875,2677.199951171875,2691.0,2691.0,30,Gold
2024-10-18,2713.699951171875,2719.60009765625,2713.699951171875,2713.699951171875,2713.699951171875,29,Gold
2024-10-21,2721.89990234375,2738.39990234375,2719.5,2723.10009765625,2723.10009765625,52,Gold
2024-10-22,2731.699951171875,2746.0,2728.60009765625,2744.199951171875,2744.199951171875,93,Gold
2024-10-23,2742.5,2742.5,2714.199951171875,2714.39990234375,2714.39990234375,18,Gold
2024-10-24,2729.0,2736.10009765625,2729.0,2734.89990234375,2734.89990234375,27,Gold
2024-10-25,2725.5,2742.39990234375,2725.5,2740.89990234375,2740.89990234375,29,Gold
2024-10-28,2736.10009765625,2742.89990234375,2729.5,2742.89990234375,2742.89990234375,56,Gold
2024-10-29,2768.39990234375,2768.39990234375,2768.39990234375,2768.39990234375,2768.39990234375,848,Gold
2024-10-30,2774.60009765625,2789.0,2774.60009765625,2788.5,2788.5,231,Gold
2024-10-31,2787.39990234375,2787.5,2733.5,2738.300048828125,2738.300048828125,849,Gold
2024-11-01,2745.5,2756.0,2734.199951171875,2738.60009765625,2738.60009765625,109,Gold
2024-11-04,2736.5,2737.10009765625,2736.10009765625,2736.10009765625,2736.10009765625,16,Gold
2024-11-05,2743.0,2743.89990234375,2740.300048828125,2740.300048828125,2740.300048828125,23,Gold
2024-11-06,2734.5,2734.5,2659.39990234375,2667.60009765625,2667.60009765625,427,Gold
2024-11-07,2662.5,2699.10009765625,2662.5,2698.39990234375,2698.39990234375,676,Gold
2024-11-08,2688.5,2694.60009765625,2682.89990234375,2687.5,2687.5,1038,Gold
2024-11-11,2671.699951171875,2671.699951171875,2611.199951171875,2611.199951171875,2611.199951171875,20,Gold
2024-11-12,2605.5,2605.5,2592.800048828125,2600.0,2600.0,118,Gold
2024-11-13,2611.10009765625,2611.800048828125,2580.800048828125,2580.800048828125,2580.800048828125,53,Gold
2024-11-14,2555.10009765625,2576.199951171875,2554.199951171875,2568.199951171875,2568.199951171875,27,Gold
2024-11-15,2565.699951171875,2565.699951171875,2565.699951171875,2565.699951171875,2565.699951171875,20,Gold
2024-11-18,2591.699951171875,2610.699951171875,2589.39990234375,2610.60009765625,2610.60009765625,136,Gold
2024-11-19,2621.89990234375,2627.699951171875,2619.300048828125,2627.10009765625,2627.10009765625,87,Gold
2024-11-20,2638.5,2648.199951171875,2638.5,2648.199951171875,2648.199951171875,27,Gold
2024-11-21,2659.300048828125,2672.10009765625,2655.699951171875,2672.10009765625,2672.10009765625,33,Gold
2024-11-22,2687.5,2710.5,2685.60009765625,2709.89990234375,2709.89990234375,41,Gold
2024-11-25,2689.39990234375,2689.39990234375,2616.800048828125,2616.800048828125,2616.800048828125,94,Gold
2024-11-26,2625.60009765625,2625.60009765625,2620.300048828125,2620.300048828125,2620.300048828125,177858,Gold
2024-11-27,2633.5,2657.89990234375,2627.199951171875,2639.89990234375,2639.89990234375,61653,Gold
2024-11-29,2636.39990234375,2664.300048828125,2620.699951171875,2657.0,2657.0,3861,Gold
2024-12-02,2649.0,2649.800048828125,2621.699951171875,2634.89990234375,2634.89990234375,695,Gold
2024-12-03,2639.0,2654.699951171875,2636.0,2644.699951171875,2644.699951171875,1062,Gold
2024-12-04,2639.199951171875,2658.300048828125,2637.0,2653.800048828125,2653.800048828125,249,Gold
2024-12-05,2652.39990234375,2655.0,2625.699951171875,2626.60009765625,2626.60009765625,573,Gold
2024-12-06,2620.199951171875,2643.10009765625,2617.5,2638.60009765625,2638.60009765625,571,Gold
2024-12-09,2632.10009765625,2677.10009765625,2630.800048828125,2664.89990234375,2664.89990234375,935,Gold
2024-12-10,2662.300048828125,2698.199951171875,2661.0,2697.60009765625,2697.60009765625,437,Gold
2024-12-11,2701.800048828125,2733.800048828125,2693.10009765625,2733.800048828125,2733.800048828125,3387,Gold
2024-12-12,2725.10009765625,2725.10009765625,2677.39990234375,2687.5,2687.5,2365,Gold
2024-12-13,2688.199951171875,2689.300048828125,2647.89990234375,2656.0,2656.0,1125,Gold
2024-12-16,2658.300048828125,2663.300048828125,2651.0,2651.39990234375,2651.39990234375,877,Gold
2024-12-17,2651.800048828125,2652.300048828125,2632.5,2644.39990234375,2644.39990234375,705,Gold
2024-12-18,2644.300048828125,2647.10009765625,2590.199951171875,2636.5,2636.5,566,Gold
2024-12-19,2582.10009765625,2610.300048828125,2582.10009765625,2592.199951171875,2592.199951171875,238,Gold
2024-12-20,2605.300048828125,2631.60009765625,2604.89990234375,2628.699951171875,2628.699951171875,592,Gold
2024-12-23,2620.0,2627.699951171875,2611.10009765625,2612.300048828125,2612.300048828125,451,Gold
2024-12-24,2613.0,2620.0,2609.5,2620.0,2620.0,35,Gold
2024-12-26,2628.5,2638.800048828125,2627.89990234375,2638.800048828125,2638.800048828125,84,Gold
2024-12-27,2617.699951171875,2617.699951171875,2616.39990234375,2617.199951171875,2617.199951171875,642,Gold
2024-12-30,2620.699951171875,2626.89990234375,2597.0,2606.10009765625,2606.10009765625,794,Gold
2024-12-31,2608.39990234375,2629.199951171875,2604.89990234375,2629.199951171875,2629.199951171875,401,Gold
2025-01-02,2633.0,2663.10009765625,2633.0,2658.89990234375,2658.89990234375,1728,Gold
2025-01-03,2658.699951171875,2658.699951171875,2641.800048828125,2645.0,2645.0,591,Gold
2025-01-06,2645.5,2647.0,2617.300048828125,2638.39990234375,2638.39990234375,960,Gold
2025-01-07,2653.39990234375,2657.5,2653.0,2656.699951171875,2656.699951171875,643,Gold
2025-01-08,2655.5,2676.89990234375,2653.5,2664.5,2664.5,999,Gold
2025-01-09,2669.699951171875,2686.300048828125,2667.89990234375,2683.800048828125,2683.800048828125,1139,Gold
2025-01-10,2686.10009765625,2720.10009765625,2683.699951171875,2708.5,2708.5,403,Gold
2025-01-13,2711.10009765625,2711.199951171875,2673.5,2673.5,2673.5,765,Gold
2025-01-14,2673.60009765625,2688.300048828125,2670.800048828125,2677.5,2677.5,794,Gold
2025-01-15,2690.800048828125,2712.5,2690.800048828125,2712.5,2712.5,930,Gold
2025-01-16,2731.699951171875,2749.800048828125,2731.699951171875,2746.39990234375,2746.39990234375,1721,Gold
2025-01-17,2736.0,2751.60009765625,2725.5,2744.300048828125,2744.300048828125,1214,Gold
2025-01-21,2746.0,2755.0,2724.800048828125,2755.0,2755.0,1439,Gold
2025-01-22,2754.5,2768.800048828125,2753.5,2767.60009765625,2767.60009765625,2079,Gold
2025-01-23,2760.0,2765.0,2745.39990234375,2763.10009765625,2763.10009765625,2201,Gold
2025-01-24,2759.800048828125,2792.0,2759.800048828125,2777.300048828125,2777.300048828125,1593,Gold
2025-01-27,2761.10009765625,2762.199951171875,2737.5,2737.5,2737.5,984,Gold
2025-01-28,2738.0,2766.800048828125,2738.0,2766.800048828125,2766.800048828125,2307,Gold
2025-01-29,2769.10009765625,2769.10009765625,2769.10009765625,2769.10009765625,2769.10009765625,125692,Gold
2025-01-30,2772.5,2829.5,2770.0,2823.0,2823.0,40141,Gold
2025-01-31,2829.0,2838.0,2804.0,2812.5,2812.5,3443,Gold
2025-02-03,2818.199951171875,2848.39990234375,2780.89990234375,2833.89990234375,2833.89990234375,2649,Gold
2025-02-04,2827.60009765625,2853.300048828125,2816.10009765625,2853.300048828125,2853.300048828125,2187,Gold
2025-02-05,2850.0,2880.5,2848.0,2871.60009765625,2871.60009765625,4519,Gold
2025-02-06,2865.199951171875,2871.699951171875,2836.300048828125,2856.0,2856.0,3116,Gold
2025-02-07,2859.89990234375,2889.5,2857.800048828125,2867.300048828125,2867.300048828125,1822,Gold
2025-02-10,2864.199951171875,2916.10009765625,2863.800048828125,2914.300048828125,2914.300048828125,2237,Gold
2025-02-11,2925.5,2945.39990234375,2890.0,2912.5,2912.5,2554,Gold
2025-02-12,2902.0,2912.300048828125,2868.60009765625,2909.0,2909.0,2504,Gold
2025-02-13,2911.300048828125,2937.699951171875,2910.60009765625,2925.89990234375,2925.89990234375,4670,Gold
2025-02-14,2937.300048828125,2944.39990234375,2874.800048828125,2883.60009765625,2883.60009765625,1992,Gold
2025-02-18,2879.199951171875,2936.39990234375,2873.800048828125,2931.60009765625,2931.60009765625,4010,Gold
2025-02-19,2938.699951171875,2946.0,2917.10009765625,2919.39990234375,2919.39990234375,2630,Gold
2025-02-20,2949.10009765625,2955.800048828125,2924.199951171875,2940.0,2940.0,656,Gold
2025-02-21,2938.800048828125,2940.0,2917.300048828125,2937.60009765625,2937.60009765625,570,Gold
2025-02-24,2933.10009765625,2957.89990234375,2933.10009765625,2947.89990234375,2947.89990234375,415,Gold
2025-02-25,2938.699951171875,2943.199951171875,2890.0,2904.5,2904.5,1854,Gold
2025-02-26,2913.5,2917.0,2913.0,2916.800048828125,2916.800048828125,2050,Gold
2025-02-27,2918.5,2922.800048828125,2870.39990234375,2883.199951171875,2883.199951171875,3215,Gold
2025-02-28,2877.10009765625,2877.10009765625,2834.10009765625,2836.800048828125,2836.800048828125,990,Gold
2025-03-03,2872.699951171875,2891.800048828125,2863.39990234375,2890.199951171875,2890.199951171875,423,Gold
2025-03-04,2886.10009765625,2927.89990234375,2886.10009765625,2909.60009765625,2909.60009765625,885,Gold
2025-03-05,2916.699951171875,2922.0,2893.0,2915.300048828125,2915.300048828125,551,Gold
2025-03-06,2904.0,2918.60009765625,2903.800048828125,2916.60009765625,2916.60009765625,870,Gold
2025-03-07,2900.89990234375,2927.300048828125,2900.5,2904.699951171875,2904.699951171875,531,Gold
2025-03-10,2910.10009765625,2915.10009765625,2880.199951171875,2891.0,2891.0,55,Gold
2025-03-11,2884.39990234375,2916.699951171875,2880.39990234375,2912.89990234375,2912.89990234375,197,Gold
2025-03-12,2912.0,2939.10009765625,2910.0,2939.10009765625,2939.10009765625,213,Gold
2025-03-13,2937.10009765625,2988.0,2935.199951171875,2984.300048828125,2984.300048828125,2366,Gold
2025-03-14,2994.39990234375,3004.800048828125,2986.0,2994.5,2994.5,1800,Gold
2025-03-17,2991.0,3001.5,2989.0,3000.0,3000.0,214,Gold
2025-03-18,3006.39990234375,3039.199951171875,3004.39990234375,3035.10009765625,3035.10009765625,428,Gold
2025-03-19,3035.199951171875,3050.89990234375,3030.89990234375,3035.89990234375,3035.89990234375,175,Gold
2025-03-20,3047.300048828125,3047.300048828125,3034.39990234375,3040.0,3040.0,185,Gold
2025-03-21,3034.5,3037.5,3000.89990234375,3018.199951171875,3018.199951171875,151,Gold
2025-03-24,3024.300048828125,3024.300048828125,3006.0,3013.10009765625,3013.10009765625,137,Gold
2025-03-25,3026.39990234375,3028.800048828125,3023.699951171875,3023.699951171875,3023.699951171875,74,Gold
2025-03-26,3033.199951171875,3033.199951171875,3019.5,3020.89990234375,3020.89990234375,83,Gold
2025-03-27,3025.5,3065.0,3025.5,3060.199951171875,3060.199951171875,124359,Gold
2025-03-28,3069.699951171875,3094.89990234375,3066.800048828125,3086.5,3086.5,31206,Gold
2025-03-31,3091.0,3132.5,3086.0,3122.800048828125,3122.800048828125,3438,Gold
2025-04-01,3129.699951171875,3149.5,3104.0,3118.89990234375,3118.89990234375,1721,Gold
2025-04-02,3120.699951171875,3168.60009765625,3117.39990234375,3139.89990234375,3139.89990234375,5946,Gold
2025-04-03,3150.0,3166.89990234375,3052.0,3097.0,3097.0,5516,Gold
2025-04-04,3110.5,3127.699951171875,3011.0,3012.0,3012.0,3247,Gold
2025-04-07,3016.39990234375,3050.800048828125,2949.699951171875,2951.300048828125,2951.300048828125,4424,Gold
2025-04-08,2994.0,3014.5,2968.39990234375,2968.39990234375,2968.39990234375,3213,Gold
2025-04-09,2965.800048828125,3090.39990234375,2965.800048828125,3056.5,3056.5,2175,Gold
2025-04-10,3073.89990234375,3167.0,3072.10009765625,3155.199951171875,3155.199951171875,3456,Gold
2025-04-11,3182.10009765625,3235.0,3182.10009765625,3222.199951171875,3222.199951171875,862,Gold
2025-04-14,3215.5,3228.800048828125,3194.5,3204.800048828125,3204.800048828125,263,Gold
2025-04-15,3216.0,3218.699951171875,3214.0,3218.699951171875,3218.699951171875,390,Gold
2025-04-16,3238.300048828125,3334.89990234375,3238.300048828125,3326.60009765625,3326.60009765625,1874,Gold
2025-04-17,3345.0,3345.0,3287.800048828125,3308.699951171875,3308.699951171875,824,Gold
2025-04-21,3342.199951171875,3418.5,3342.199951171875,3406.199951171875,3406.199951171875,78,Gold
2025-04-22,3422.199951171875,3485.60009765625,3361.699951171875,3400.800048828125,3400.800048828125,785,Gold
2025-04-23,3321.199951171875,3370.300048828125,3256.199951171875,3276.300048828125,3276.300048828125,331,Gold
2025-04-24,3305.39990234375,3353.89990234375,3304.89990234375,3332.0,3332.0,560,Gold
2025-04-25,3355.5,3355.5,3266.10009765625,3282.39990234375,3282.39990234375,162,Gold
2025-04-28,3284.5,3332.5,3284.5,3332.5,3332.5,1300,Gold
2025-04-29,3340.0,3340.0,3299.89990234375,3318.800048828125,3318.800048828125,1278,Gold
2025-04-30,3318.699951171875,3318.699951171875,3268.0,3305.0,3305.0,207,Gold
2025-05-01,3272.89990234375,3275.0,3198.60009765625,3210.0,3210.0,2131,Gold
2025-05-02,3239.89990234375,3257.0,3225.0,3231.89990234375,3231.89990234375,1349,Gold
2025-05-05,3242.699951171875,3315.699951171875,3239.699951171875,3311.300048828125,3311.300048828125,244,Gold
2025-05-06,3365.5,3430.89990234375,3356.800048828125,3411.39990234375,3411.39990234375,2357,Gold
2025-05-07,3418.699951171875,3418.699951171875,3364.699951171875,3381.39990234375,3381.39990234375,1080,Gold
2025-05-08,3390.0,3390.0,3288.699951171875,3296.60009765625,3296.60009765625,200,Gold
2025-05-09,3299.0,3335.5,3299.0,3335.39990234375,3335.39990234375,216,Gold
2025-05-12,3300.699951171875,3300.699951171875,3205.0,3220.0,3220.0,886,Gold
2025-05-13,3232.0,3251.39990234375,3223.5,3240.300048828125,3240.300048828125,2424,Gold
2025-05-14,3233.0,3233.0,3171.699951171875,3181.39990234375,3181.39990234375,3518,Gold
2025-05-15,3151.0,3228.10009765625,3125.0,3220.699951171875,3220.699951171875,652,Gold
2025-05-16,3227.699951171875,3228.10009765625,3173.89990234375,3182.0,3182.0,199,Gold
2025-05-19,3234.39990234375,3241.0,3228.300048828125,3228.89990234375,3228.89990234375,266,Gold
2025-05-20,3219.0,3293.199951171875,3207.5,3280.300048828125,3280.300048828125,356,Gold
2025-05-21,3293.39990234375,3317.5,3290.199951171875,3309.300048828125,3309.300048828125,979,Gold
2025-05-22,3327.300048828125,3328.0,3282.699951171875,3292.300048828125,3292.300048828125,1210,Gold
2025-05-23,3328.0,3363.60009765625,3323.5,3363.60009765625,3363.60009765625,47,Gold
2025-05-27,3332.5,3341.0,3296.300048828125,3299.10009765625,3299.10009765625,189,Gold
2025-05-28,3293.60009765625,3293.60009765625,3293.60009765625,3293.60009765625,3293.60009765625,127758,Gold
2025-05-29,3283.699951171875,3328.800048828125,3242.39990234375,3317.10009765625,3317.10009765625,24370,Gold
2025-05-30,3315.10009765625,3318.0,3270.89990234375,3288.89990234375,3288.89990234375,2213,Gold
2025-06-02,3296.89990234375,3380.800048828125,3296.89990234375,3370.60009765625,3370.60009765625,976,Gold
2025-06-03,3385.10009765625,3390.0,3331.300048828125,3350.199951171875,3350.199951171875,6410,Gold
2025-06-04,3355.0,3380.0,3344.0,3373.5,3373.5,207,Gold
2025-06-05,3371.5,3400.0,3343.699951171875,3350.699951171875,3350.699951171875,731,Gold
2025-06-06,3364.300048828125,3364.300048828125,3306.0,3322.699951171875,3322.699951171875,81,Gold
2025-06-09,3315.60009765625,3334.60009765625,3290.0,3332.10009765625,3332.10009765625,1887,Gold
2025-06-10,3302.0,3344.300048828125,3302.0,3320.89990234375,3320.89990234375,65,Gold
2025-06-11,3328.0,3356.0,3321.300048828125,3321.300048828125,3321.300048828125,2106,Gold
2025-06-12,3363.0,3395.89990234375,3353.39990234375,3380.89990234375,3380.89990234375,1818,Gold
2025-06-13,3407.300048828125,3444.0,3407.300048828125,3431.199951171875,3431.199951171875,499,Gold
2025-06-16,3442.0,3442.0,3385.39990234375,3396.39990234375,3396.39990234375,480,Gold
2025-06-17,3398.300048828125,3398.300048828125,3376.10009765625,3386.60009765625,3386.60009765625,1477,Gold
2025-06-18,3385.300048828125,3391.89990234375,3365.10009765625,3389.800048828125,3389.800048828125,0,Gold
2025-06-20,3350.0,3372.89990234375,3341.0,3368.10009765625,3368.10009765625,709,Gold
2025-06-23,3365.89990234375,3387.89990234375,3350.0,3377.699951171875,3377.699951171875,30,Gold
2025-06-24,3358.0,3358.0,3301.0,3317.39990234375,3317.39990234375,538,Gold
2025-06-25,3321.60009765625,3331.199951171875,3310.60009765625,3327.10009765625,3327.10009765625,373,Gold
2025-06-26,3332.39990234375,3333.5,3332.39990234375,3333.5,3333.5,2058,Gold
2025-06-27,3318.699951171875,3318.699951171875,3253.800048828125,3273.699951171875,3273.699951171875,284,Gold
2025-06-30,3265.89990234375,3306.89990234375,3262.0,3294.39990234375,3294.39990234375,1242,Gold
2025-07-01,3310.10009765625,3354.10009765625,3310.10009765625,3336.699951171875,3336.699951171875,371,Gold
2025-07-02,3329.0,3357.5,3329.0,3348.0,3348.0,39,Gold
2025-07-03,3362.0,3362.0,3322.300048828125,3331.60009765625,3331.60009765625,0,Gold
2025-07-04,3342.0,3342.0,3332.5,3332.5,3332.5,0,Gold
2025-07-07,3305.5,3333.300048828125,3299.199951171875,3332.199951171875,3332.199951171875,254,Gold
2025-07-08,3330.39990234375,3334.5,3287.60009765625,3307.0,3307.0,909,Gold
2025-07-09,3289.39990234375,3314.0,3282.0,3311.60009765625,3311.60009765625,114,Gold
2025-07-10,3323.60009765625,3330.5,3311.60009765625,3317.39990234375,3317.39990234375,209,Gold
2025-07-11,3330.5,3370.0,3330.5,3356.0,3356.0,776,Gold
2025-07-14,3367.0,3375.5,3350.0,3351.5,3351.5,583,Gold
2025-07-15,3341.0,3341.0,3329.800048828125,3329.800048828125,3329.800048828125,210,Gold
2025-07-16,3341.199951171875,3352.89990234375,3329.5,3352.5,3352.5,10,Gold
2025-07-17,3313.800048828125,3340.800048828125,3313.800048828125,3340.10009765625,3340.10009765625,667,Gold
2025-07-18,3338.199951171875,3353.0,3338.199951171875,3353.0,3353.0,602,Gold
2025-07-21,3350.300048828125,3411.699951171875,3350.300048828125,3401.89990234375,3401.89990234375,53,Gold
2025-07-22,3411.0,3441.0,3395.60009765625,3439.199951171875,3439.199951171875,39,Gold
2025-07-23,3430.300048828125,3433.89990234375,3388.10009765625,3394.10009765625,3394.10009765625,63,Gold
2025-07-24,3367.0,3371.0,3367.0,3371.0,3371.0,1175,Gold
2025-07-25,3344.0,3345.0,3326.5,3334.0,3334.0,67,Gold
2025-07-28,3326.60009765625,3326.800048828125,3309.10009765625,3309.10009765625,3309.10009765625,533,Gold
2025-07-29,3323.39990234375,3323.39990234375,3323.39990234375,3323.39990234375,3323.39990234375,113144,Gold
2025-07-30,3325.800048828125,3331.800048828125,3263.89990234375,3295.800048828125,3295.800048828125,19252,Gold
2025-07-31,3272.89990234375,3312.0,3272.89990234375,3293.199951171875,3293.199951171875,3704,Gold
2025-08-01,3286.199951171875,3360.60009765625,3281.0,3347.699951171875,3347.699951171875,3420,Gold
2025-08-04,3367.60009765625,3386.5,3347.39990234375,3374.39990234375,3374.39990234375,351,Gold
2025-08-05,3378.5,3387.199951171875,3351.199951171875,3381.89990234375,3381.89990234375,915,Gold
2025-08-06,3380.699951171875,3383.300048828125,3361.300048828125,3380.0,3380.0,1492,Gold
2025-08-07,3384.89990234375,3422.89990234375,3384.89990234375,3400.300048828125,3400.300048828125,5464,Gold
2025-08-08,3438.800048828125,3477.0,3402.5,3439.10009765625,3439.10009765625,7657,Gold
2025-08-11,3383.89990234375,3383.89990234375,3349.199951171875,3353.10009765625,3353.10009765625,1488,Gold
2025-08-12,3356.199951171875,3356.199951171875,3330.10009765625,3348.89990234375,3348.89990234375,1611,Gold
2025-08-13,3358.800048828125,3363.39990234375,3358.699951171875,3358.699951171875,3358.699951171875,1011,Gold
2025-08-14,3346.800048828125,3356.0,3328.89990234375,3335.199951171875,3335.199951171875,592,Gold
2025-08-15,3346.800048828125,3346.800048828125,3335.89990234375,3336.0,3336.0,1185,Gold
2025-08-18,3333.5,3347.800048828125,3331.699951171875,3331.699951171875,3331.699951171875,646,Gold
2025-08-19,3330.199951171875,3343.5,3313.39990234375,3313.39990234375,3313.39990234375,1655,Gold
2025-08-20,3310.60009765625,3343.5,3310.10009765625,3343.39990234375,3343.39990234375,1213,Gold
2025-08-21,3349.39990234375,3349.39990234375,3326.5,3336.89990234375,3336.89990234375,142,Gold
2025-08-22,3349.39990234375,3377.699951171875,3349.39990234375,3374.39990234375,3374.39990234375,1240,Gold
2025-08-25,3366.0,3378.0,3366.0,3373.800048828125,3373.800048828125,1044,Gold
2025-08-26,3378.89990234375,3396.5,3371.10009765625,3388.60009765625,3388.60009765625,905,Gold
2025-08-27,3397.0,3404.60009765625,3382.0,3404.60009765625,3404.60009765625,3222,Gold
2025-08-28,3409.0,3434.60009765625,3400.0,3431.800048828125,3431.800048828125,1035,Gold
2025-08-29,3432.5,3475.60009765625,3426.60009765625,3473.699951171875,3473.699951171875,0,Gold
2025-09-02,3485.699951171875,3559.199951171875,3485.699951171875,3549.39990234375,3549.39990234375,658,Gold
2025-09-03,3554.800048828125,3593.699951171875,3553.199951171875,3593.199951171875,3593.199951171875,72,Gold
2025-09-04,3549.89990234375,3573.60009765625,3549.89990234375,3565.800048828125,3565.800048828125,237,Gold
2025-09-05,3567.800048828125,3613.199951171875,3567.800048828125,3613.199951171875,3613.199951171875,925,Gold
2025-09-08,3594.5,3641.0,3590.0,3638.10009765625,3638.10009765625,97,Gold
2025-09-09,3647.10009765625,3670.39990234375,3627.800048828125,3643.300048828125,3643.300048828125,535,Gold
2025-09-10,3625.0,3655.39990234375,3620.800048828125,3643.60009765625,3643.60009765625,136,Gold
2025-09-11,3632.89990234375,3636.89990234375,3618.39990234375,3636.89990234375,3636.89990234375,307,Gold
2025-09-12,3655.5,3656.800048828125,3643.0,3649.39990234375,3649.39990234375,1300,Gold
2025-09-15,3640.0,3686.39990234375,3635.10009765625,3682.199951171875,3682.199951171875,210,Gold
2025-09-16,3681.39990234375,3698.60009765625,3681.39990234375,3688.89990234375,3688.89990234375,373,Gold
2025-09-17,3669.0,3685.199951171875,3661.60009765625,3681.800048828125,3681.800048828125,183,Gold
2025-09-18,3654.60009765625,3667.39990234375,3637.0,3643.699951171875,3643.699951171875,80,Gold
2025-09-19,3659.0,3685.89990234375,3658.199951171875,3671.5,3671.5,211,Gold
2025-09-22,3688.199951171875,3748.199951171875,3688.0,3740.699951171875,3740.699951171875,410,Gold
2025-09-23,3747.0,3786.0,3740.0,3780.60009765625,3780.60009765625,627,Gold
2025-09-24,3769.800048828125,3772.5,3732.10009765625,3732.10009765625,3732.10009765625,588,Gold
2025-09-25,3742.800048828125,3756.0,3724.699951171875,3736.89990234375,3736.89990234375,1899,Gold
2025-09-26,3775.300048828125,3775.300048828125,3775.300048828125,3775.300048828125,3775.300048828125,19308,Gold
2025-09-29,3754.800048828125,3827.60009765625,3754.800048828125,3820.89990234375,3820.89990234375,8860,Gold
2025-09-30,3827.5,3865.5,3793.39990234375,3840.800048828125,3840.800048828125,1611,Gold
2025-10-01,3863.5,3891.89990234375,3853.300048828125,3867.5,3867.5,1778,Gold
2025-10-02,3856.199951171875,3888.60009765625,3823.699951171875,3839.699951171875,3839.699951171875,3418,Gold
2025-10-03,3855.199951171875,3886.800048828125,3853.699951171875,3880.800048828125,3880.800048828125,392,Gold
2025-10-06,3931.300048828125,3960.0,3926.800048828125,3948.5,3948.5,1267,Gold
2025-10-07,3959.39990234375,3981.5,3940.0,3976.60009765625,3976.60009765625,2903,Gold
2025-10-08,3987.199951171875,4049.199951171875,3987.199951171875,4043.300048828125,4043.300048828125,2179,Gold
2025-10-09,4011.199951171875,4046.199951171875,3940.0,3946.300048828125,3946.300048828125,3130,Gold
2025-10-10,3957.0,4012.0,3945.5,3975.89990234375,3975.89990234375,1697,Gold
2025-10-13,4016.0,4111.0,4016.0,4108.60009765625,4108.60009765625,1697,Gold
2025-10-14,4131.7001953125,4160.10009765625,4085.800048828125,4138.7001953125,4138.7001953125,2424,Gold
2025-10-15,4145.0,4210.60009765625,4145.0,4176.89990234375,4176.89990234375,3287,Gold
2025-10-16,4198.7998046875,4307.0,4196.60009765625,4280.2001953125,4280.2001953125,4705,Gold
2025-10-17,4354.7001953125,4358.0,4182.2001953125,4189.89990234375,4189.89990234375,4060,Gold
2025-10-20,4244.10009765625,4356.60009765625,4214.60009765625,4336.39990234375,4336.39990234375,1750,Gold
2025-10-21,4332.7001953125,4332.7001953125,4087.699951171875,4087.699951171875,4087.699951171875,2943,Gold
2025-10-22,4109.7001953125,4148.5,4006.0,4044.39990234375,4044.39990234375,1237,Gold
2025-10-23,4078.39990234375,4136.7998046875,4070.699951171875,4125.5,4125.5,354,Gold
2025-10-24,4117.5,4120.60009765625,4074.89990234375,4118.39990234375,4118.39990234375,123,Gold
2025-10-27,4060.0,4078.60009765625,3971.300048828125,4001.89990234375,4001.89990234375,220,Gold
2025-10-28,3929.699951171875,3966.199951171875,3923.60009765625,3966.199951171875,3966.199951171875,219,Gold
2025-10-29,3983.699951171875,3983.699951171875,3983.699951171875,3983.699951171875,3983.699951171875,1344,Gold
2025-10-30,3960.0,4027.199951171875,3913.699951171875,4001.300048828125,4001.300048828125,935,Gold
2025-10-31,4034.5,4034.5,3976.60009765625,3982.199951171875,3982.199951171875,559,Gold
2025-11-03,3976.199951171875,4020.0,3959.0,4000.300048828125,4000.300048828125,0,Gold
2025-11-04,3994.199951171875,3995.39990234375,3927.39990234375,3947.699951171875,3947.699951171875,657,Gold
2025-11-05,3929.89990234375,3983.5,3929.89990234375,3980.300048828125,3980.300048828125,559,Gold
2025-11-06,4004.0,4007.5,3979.89990234375,3979.89990234375,3979.89990234375,650,Gold
2025-11-07,3980.800048828125,3999.39990234375,3980.800048828125,3999.39990234375,3999.39990234375,245,Gold
2025-11-10,4060.0,4111.7998046875,4060.0,4111.7998046875,4111.7998046875,189,Gold
2025-11-11,4140.10009765625,4140.10009765625,4106.7998046875,4106.7998046875,4106.7998046875,569,Gold
2025-11-12,4115.60009765625,4204.39990234375,4102.89990234375,4204.39990234375,4204.39990234375,396,Gold
2025-11-13,4228.7001953125,4228.7001953125,4163.7001953125,4186.89990234375,4186.89990234375,167,Gold
2025-11-14,4197.7001953125,4197.89990234375,4047.0,4087.60009765625,4087.60009765625,483,Gold
2025-11-17,4070.0,4099.5,4019.39990234375,4068.300048828125,4068.300048828125,1552,Gold
2025-11-18,4037.39990234375,4063.39990234375,4035.60009765625,4061.300048828125,4061.300048828125,1375,Gold
2025-11-19,4086.10009765625,4122.7001953125,4072.0,4077.699951171875,4077.699951171875,486,Gold
2025-11-20,4045.0,4090.39990234375,4040.199951171875,4056.5,4056.5,202,Gold
2025-11-21,4031.800048828125,4085.199951171875,4031.800048828125,4076.699951171875,4076.699951171875,171,Gold
2025-11-24,4060.5,4091.89990234375,4060.5,4091.89990234375,4091.89990234375,591,Gold
2025-11-25,4139.2001953125,4139.2001953125,4139.2001953125,4139.2001953125,4139.2001953125,132704,Gold
2025-11-26,4128.60009765625,4171.0,4127.5,4165.2001953125,4165.2001953125,25088,Gold
2025-11-28,4163.39990234375,4223.89990234375,4140.0,4218.2998046875,4218.2998046875,3615,Gold
2025-12-01,4218.5,4262.10009765625,4214.89990234375,4239.2998046875,4239.2998046875,913,Gold
2025-12-02,4230.5,4230.5,4167.0,4186.60009765625,4186.60009765625,366,Gold
2025-12-03,4215.7001953125,4234.10009765625,4195.7001953125,4199.2998046875,4199.2998046875,1897,Gold
2025-12-04,4211.0,4211.7998046875,4175.0,4211.7998046875,4211.7998046875,616,Gold
2025-12-05,4204.10009765625,4255.7001953125,4194.5,4212.89990234375,4212.89990234375,533,Gold
2025-12-08,4205.5,4215.7998046875,4175.5,4187.2001953125,4187.2001953125,318,Gold
2025-12-09,4190.7001953125,4219.7001953125,4177.7001953125,4206.7001953125,4206.7001953125,660,Gold
2025-12-10,4209.0,4234.5,4183.60009765625,4196.39990234375,4196.39990234375,692,Gold
2025-12-11,4224.0,4286.89990234375,4214.2998046875,4285.5,4285.5,528,Gold
2025-12-12,4276.39990234375,4355.0,4260.0,4300.10009765625,4300.10009765625,1531,Gold
2025-12-15,4308.2998046875,4349.2001953125,4292.89990234375,4306.7001953125,4306.7001953125,854,Gold
2025-12-16,4270.5,4321.39990234375,4270.5,4304.5,4304.5,1796,Gold
2025-12-17,4308.5,4351.39990234375,4308.5,4347.5,4347.5,2169,Gold
2025-12-18,4331.0,4348.10009765625,4328.2001953125,4339.5,4339.5,705,Gold
2025-12-19,4350.10009765625,4361.39990234375,4350.10009765625,4361.39990234375,4361.39990234375,1065,Gold
2025-12-22,4371.10009765625,4447.60009765625,4371.10009765625,4444.60009765625,4444.60009765625,449,Gold
2025-12-23,4503.2998046875,4503.7998046875,4450.39990234375,4482.7998046875,4482.7998046875,694,Gold
2025-12-24,4500.7001953125,4503.39990234375,4468.39990234375,4480.60009765625,4480.60009765625,500,Gold
2025-12-26,4512.0,4556.2998046875,4502.0,4529.10009765625,4529.10009765625,263,Gold
2025-12-29,4371.5,4379.0,4325.10009765625,4325.10009765625,4325.10009765625,2044,Gold
2025-12-30,4346.39990234375,4403.60009765625,4338.0,4370.10009765625,4370.10009765625,1837,Gold
2025-12-31,4333.5,4363.7998046875,4285.0,4325.60009765625,4325.60009765625,785,Gold
2026-01-02,4350.60009765625,4350.60009765625,4314.39990234375,4314.39990234375,4314.39990234375,589,Gold
2026-01-05,4386.7001953125,4443.5,4384.7998046875,4436.89990234375,4436.89990234375,618,Gold
2026-01-06,4449.7001953125,4482.2001953125,4449.0,4482.2001953125,4482.2001953125,459,Gold
2026-01-07,4450.0,4450.0,4449.2998046875,4449.2998046875,4449.2998046875,972,Gold
2026-01-08,4460.2001953125,4461.2998046875,4418.0,4449.7001953125,4449.7001953125,2423,Gold
2026-01-09,4473.0,4490.2998046875,4473.0,4490.2998046875,4490.2998046875,237,Gold
2026-01-12,4579.10009765625,4620.0,4577.7998046875,4604.2998046875,4604.2998046875,156,Gold
2026-01-13,4578.60009765625,4617.10009765625,4578.60009765625,4589.2001953125,4589.2001953125,239,Gold
2026-01-14,4610.2998046875,4635.0,4608.2001953125,4626.2998046875,4626.2998046875,1313,Gold
2026-01-15,4612.89990234375,4616.2998046875,4612.89990234375,4616.2998046875,4616.2998046875,4358,Gold
2026-01-16,4608.0,4608.0,4588.39990234375,4588.39990234375,4588.39990234375,352,Gold
2026-01-20,4662.2001953125,4764.0,4661.7998046875,4759.60009765625,4759.60009765625,175,Gold
2026-01-21,4863.5,4872.2998046875,4771.5,4831.7998046875,4831.7998046875,1706,Gold
2026-01-22,4791.89990234375,4908.7998046875,4791.89990234375,4908.7998046875,4908.7998046875,1175,Gold
2026-01-23,4949.60009765625,4976.2001953125,4936.0,4976.2001953125,4976.2001953125,169,Gold
2026-01-26,5081.5,5095.60009765625,5052.2001953125,5079.7001953125,5079.7001953125,180,Gold
2026-01-27,5079.89990234375,5079.89990234375,5079.89990234375,5079.89990234375,5079.89990234375,34,Gold
2026-01-28,5301.60009765625,5301.60009765625,5301.60009765625,5301.60009765625,5301.60009765625,112054,Gold
2026-01-29,5415.7001953125,5586.2001953125,5097.5,5318.39990234375,5318.39990234375,23709,Gold
2026-01-30,5376.39990234375,5440.5,4700.0,4713.89990234375,4713.89990234375,8374,Gold
2026-02-02,4807.7001953125,4855.7998046875,4400.0,4622.5,4622.5,3588,Gold
2026-02-03,4680.0,4984.60009765625,4674.2998046875,4903.7001953125,4903.7001953125,1213,Gold
2026-02-04,4923.2998046875,5082.2001953125,4897.89990234375,4920.39990234375,4920.39990234375,3886,Gold
2026-02-05,5008.7001953125,5012.2998046875,4786.0,4861.39990234375,4861.39990234375,793,Gold
2026-02-06,4762.0,4958.5,4655.0,4951.2001953125,4951.2001953125,1386,Gold
2026-02-09,5017.39990234375,5065.7001953125,4979.10009765625,5050.89990234375,5050.89990234375,170,Gold
2026-02-10,5013.5,5029.0,5002.7001953125,5003.7998046875,5003.7998046875,281,Gold
2026-02-11,5049.89990234375,5111.2998046875,5041.2998046875,5071.60009765625,5071.60009765625,2681,Gold
2026-02-12,5060.39990234375,5078.10009765625,4892.0,4923.7001953125,4923.7001953125,484,Gold
2026-02-13,4953.0,5043.89990234375,4946.2001953125,5022.0,5022.0,232,Gold
2026-02-17,5020.0,5020.0,4847.7998046875,4882.89990234375,4882.89990234375,540,Gold
2026-02-18,4872.2001953125,4987.0,4869.5,4986.5,4986.5,544,Gold
2026-02-19,5014.7001953125,5014.7001953125,4975.89990234375,4975.89990234375,4975.89990234375,37,Gold
2026-02-20,5039.5,5072.7001953125,5039.5,5059.2998046875,5059.2998046875,134,Gold
2026-02-23,5120.2998046875,5211.60009765625,5120.2998046875,5204.7001953125,5204.7001953125,779,Gold
2026-02-24,5158.7998046875,5159.0,5112.7001953125,5155.7998046875,5155.7998046875,88,Gold
2026-02-25,5166.0,5206.39990234375,5166.0,5206.39990234375,5206.39990234375,1772,Gold
2026-02-26,5177.2001953125,5199.2001953125,5143.89990234375,5176.5,5176.5,1520,Gold
2026-02-27,5186.7001953125,5280.0,5176.7001953125,5230.5,5230.5,354,Gold
2026-03-02,5346.60009765625,5405.0,5266.2998046875,5294.39990234375,5294.39990234375,72,Gold
2026-03-03,5298.7001953125,5303.7998046875,5023.0,5107.39990234375,5107.39990234375,1776,Gold
2026-03-04,5130.7001953125,5180.2001953125,5117.2001953125,5120.2001953125,5120.2001953125,679,Gold
2026-03-05,5169.5,5169.5,5054.7001953125,5065.2998046875,5065.2998046875,1701,Gold
2026-03-06,5121.0,5146.10009765625,5076.10009765625,5146.10009765625,5146.10009765625,148,Gold
2026-03-09,5155.0,5160.60009765625,5077.7001953125,5091.5,5091.5,639,Gold
2026-03-10,5138.2001953125,5229.7001953125,5137.60009765625,5229.7001953125,5229.7001953125,4300,Gold
2026-03-11,5190.7998046875,5191.2998046875,5167.39990234375,5167.39990234375,5167.39990234375,633,Gold
2026-03-12,5137.2001953125,5137.2001953125,5115.7998046875,5115.7998046875,5115.7998046875,410,Gold
2026-03-13,5089.60009765625,5117.0,5009.5,5052.5,5052.5,479,Gold
2026-03-16,5001.60009765625,5010.60009765625,4994.0,4994.0,4994.0,130,Gold
2026-03-17,5017.60009765625,5017.60009765625,4994.2001953125,5001.0,5001.0,239,Gold
2026-03-18,4949.60009765625,4949.60009765625,4821.7001953125,4889.89990234375,4889.89990234375,1461,Gold
2026-03-19,4830.2998046875,4830.2998046875,4554.0,4600.7001953125,4600.7001953125,627,Gold
2026-03-20,4686.89990234375,4686.89990234375,4570.39990234375,4570.39990234375,4570.39990234375,235,Gold
2026-03-23,4353.0,4480.39990234375,4100.7998046875,4404.10009765625,4404.10009765625,544,Gold
2026-03-24,4338.7001953125,4399.2998046875,4325.2001953125,4399.2998046875,4399.2998046875,378,Gold
2026-03-25,4549.0,4551.89990234375,4541.7998046875,4549.7998046875,4549.7998046875,388,Gold
2026-03-26,4441.5,4443.10009765625,4375.5,4375.5,4375.5,1070,Gold
2026-03-27,4492.0,4492.0,4492.0,4492.0,4492.0,74348,Gold
2026-03-30,4482.7998046875,4579.10009765625,4413.39990234375,4526.0,4526.0,10816,Gold
2026-03-31,4510.0,4684.10009765625,4508.60009765625,4647.60009765625,4647.60009765625,4264,Gold
2026-04-01,4668.39990234375,4789.10009765625,4668.0,4783.2001953125,4783.2001953125,1637,Gold
2026-04-02,4764.89990234375,4784.39990234375,4558.89990234375,4651.5,4651.5,0,Gold
2026-04-06,4656.10009765625,4689.60009765625,4605.0,4656.7998046875,4656.7998046875,148,Gold
2026-04-07,4624.89990234375,4676.2998046875,4608.0,4657.10009765625,4657.10009765625,327,Gold
2026-04-08,4760.0,4851.0,4738.7998046875,4749.5,4749.5,405,Gold
2026-04-09,4711.0,4799.10009765625,4711.0,4792.2001953125,4792.2001953125,1277,Gold
2026-04-10,4745.89990234375,4791.0,4744.89990234375,4761.89990234375,4761.89990234375,812,Gold
2026-04-13,4704.0,4742.39990234375,4704.0,4742.39990234375,4742.39990234375,32,Gold
2026-04-14,4770.10009765625,4841.60009765625,4770.10009765625,4825.0,4825.0,288,Gold
2026-04-15,4843.60009765625,4843.60009765625,4798.0,4800.0,4800.0,182,Gold
2026-04-16,4810.89990234375,4810.89990234375,4785.39990234375,4785.39990234375,4785.39990234375,805,Gold
2026-04-17,4771.60009765625,4879.7001953125,4767.2001953125,4857.60009765625,4857.60009765625,1902,Gold
2026-04-20,4793.89990234375,4811.0,4770.0,4806.60009765625,4806.60009765625,724,Gold
2026-04-21,4698.39990234375,4705.0,4676.39990234375,4698.39990234375,4698.39990234375,1197,Gold
2026-04-22,4754.2001953125,4754.2001953125,4732.5,4732.5,4732.5,765,Gold
2026-04-23,4711.5,4732.39990234375,4705.10009765625,4705.10009765625,4705.10009765625,292,Gold
2026-04-24,4695.0,4722.2998046875,4657.5,4722.2998046875,4722.2998046875,45,Gold
2026-04-27,4707.60009765625,4711.10009765625,4675.39990234375,4675.39990234375,4675.39990234375,538,Gold
2026-04-28,4680.89990234375,4680.89990234375,4591.5,4591.5,4591.5,2660,Gold
2026-04-29,4598.60009765625,4601.60009765625,4515.7001953125,4545.2001953125,4545.2001953125,507,Gold
2026-04-30,4561.89990234375,4636.7001953125,4561.89990234375,4614.7001953125,4614.7001953125,77,Gold
2026-05-01,4636.7001953125,4636.7001953125,4581.7001953125,4629.89990234375,4629.89990234375,113,Gold
2026-05-04,4581.2001953125,4581.2001953125,4512.7001953125,4519.5,4519.5,20,Gold
2026-05-05,4547.60009765625,4580.5,4547.60009765625,4555.7998046875,4555.7998046875,426,Gold
2026-05-06,4663.60009765625,4712.60009765625,4663.60009765625,4681.89990234375,4681.89990234375,212,Gold
2026-05-07,4704.7998046875,4736.2001953125,4699.7998046875,4699.7998046875,4699.7998046875,254,Gold
2026-05-08,4714.39990234375,4724.7998046875,4713.60009765625,4720.39990234375,4720.39990234375,120,Gold
2026-05-11,4729.5,4729.5,4718.7001953125,4718.7001953125,4718.7001953125,36,Gold
2026-05-12,4762.2001953125,4765.2001953125,4677.60009765625,4677.60009765625,4677.60009765625,93,Gold
2026-05-13,4722.7001953125,4722.7001953125,4679.5,4697.7001953125,4697.7001953125,228,Gold
2026-05-14,4678.10009765625,4678.10009765625,4650.2998046875,4678.10009765625,4678.10009765625,5,Gold
2026-05-15,4615.2001953125,4615.2001953125,4524.2998046875,4555.7998046875,4555.7998046875,607,Gold
2026-05-18,4563.0,4570.2998046875,4538.7001953125,4552.5,4552.5,38,Gold
2026-05-19,4551.7001953125,4552.60009765625,4506.2001953125,4506.2998046875,4506.2998046875,875,Gold
2026-05-20,4502.60009765625,4531.2998046875,4465.10009765625,4531.2998046875,4531.2998046875,981,Gold
2026-05-21,4507.2001953125,4539.7998046875,4503.7998046875,4539.7998046875,4539.7998046875,426,Gold
2026-05-22,4519.5,4530.2998046875,4519.10009765625,4521.0,4521.0,40,Gold
2026-05-26,4572.7998046875,4572.7998046875,4500.39990234375,4500.39990234375,4500.39990234375,1261,Gold
2026-05-27,4439.7001953125,4447.5,4439.7001953125,4447.5,4447.5,81062,Gold
2026-05-28,4453.60009765625,4512.60009765625,4363.5,4499.2998046875,4499.2998046875,16427,Gold
2026-05-29,4494.0,4591.7998046875,4487.89990234375,4560.5,4560.5,1883,Gold
2026-06-01,4523.5,4541.39990234375,4449.7001953125,4475.2001953125,4475.2001953125,835,Gold
2026-06-02,4488.0,4529.5,4474.2001953125,4489.10009765625,4489.10009765625,456,Gold
2026-06-03,4471.2001953125,4471.7001953125,4427.2001953125,4436.7001953125,4436.7001953125,2913,Gold
2026-06-04,4447.39990234375,4509.89990234375,4447.39990234375,4475.7998046875,4475.7998046875,480,Gold
2026-06-05,4472.2998046875,4472.2998046875,4319.10009765625,4337.10009765625,4337.10009765625,4062,Gold
2026-06-08,4324.2001953125,4340.89990234375,4284.60009765625,4335.89990234375,4335.89990234375,357,Gold
2026-06-09,4332.7998046875,4344.5,4240.2001953125,4260.0,4260.0,1292,Gold
2026-06-10,4200.0,4206.7001953125,4100.0,4108.2001953125,4108.2001953125,525,Gold
2026-06-11,4042.89990234375,4209.7998046875,4031.0,4090.300048828125,4090.300048828125,1938,Gold
2026-06-12,4208.2998046875,4225.2998046875,4173.2001953125,4215.0,4215.0,1167,Gold
2026-06-15,4271.2001953125,4362.0,4269.10009765625,4328.0,4328.0,1666,Gold
2026-06-16,4309.5,4345.7998046875,4309.5,4330.89990234375,4330.89990234375,158,Gold
2026-06-17,4339.0,4377.0,4296.0,4358.89990234375,4358.89990234375,1961,Gold
2026-06-18,4279.7998046875,4323.2001953125,4223.7001953125,4224.10009765625,4224.10009765625,738,Gold
2026-06-22,4138.7998046875,4216.39990234375,4134.7998046875,4181.89990234375,4181.89990234375,1197,Gold
2026-06-23,4127.10009765625,4135.2001953125,4118.5,4129.89990234375,4129.89990234375,252,Gold
2026-06-24,4104.39990234375,4104.7001953125,3963.300048828125,3990.300048828125,3990.300048828125,353,Gold
2026-06-25,3988.39990234375,4030.5,3986.699951171875,4030.5,4030.5,2724,Gold
2026-06-26,4078.699951171875,4078.699951171875,4078.699951171875,4078.699951171875,4078.699951171875,1431,Gold
2026-06-29,4057.5,4070.0,4003.199951171875,4022.300048828125,4022.300048828125,785,Gold
2026-06-30,4002.60009765625,4049.699951171875,3962.5,4022.89990234375,4022.89990234375,1108,Gold
2026-07-01,4013.10009765625,4100.0,3963.0,4068.300048828125,4068.300048828125,770,Gold
2026-07-02,4067.5,4140.10009765625,4062.0,4112.7001953125,4112.7001953125,228,Gold
2026-07-06,4175.39990234375,4199.7001953125,4134.2001953125,4155.10009765625,4155.10009765625,1024,Gold
2026-07-07,4126.5,4167.2001953125,4107.2001953125,4145.2998046875,4145.2998046875,53,Gold
2026-07-08,4116.2998046875,4120.2998046875,4053.0,4070.89990234375,4070.89990234375,292,Gold
2026-07-09,4066.39990234375,4130.60009765625,4064.199951171875,4130.60009765625,4130.60009765625,13,Gold
2026-07-10,4122.2998046875,4125.7998046875,4090.60009765625,4104.10009765625,4104.10009765625,389,Gold
2026-07-13,4081.0,4081.0,3985.89990234375,3997.0,3997.0,679,Gold
2026-07-14,3995.699951171875,4091.199951171875,3986.5,4061.10009765625,4061.10009765625,1281,Gold
2026-07-15,4049.10009765625,4070.10009765625,4019.39990234375,4044.0,4044.0,374,Gold
2026-07-16,4030.5,4030.5,3972.60009765625,3985.60009765625,3985.60009765625,812,Gold
2026-07-17,3975.5,4017.199951171875,3964.199951171875,4012.699951171875,4012.699951171875,141,Gold
2026-07-20,4003.39990234375,4018.89990234375,4002.699951171875,4010.300048828125,4010.300048828125,231,Gold
2026-07-21,4002.10009765625,4071.10009765625,3999.699951171875,4071.10009765625,4071.10009765625,87,Gold
2026-07-22,4096.2001953125,4152.10009765625,4096.2001953125,4146.89990234375,4146.89990234375,133,Gold
2026-07-23,4129.89990234375,4130.89990234375,4046.60009765625,4046.60009765625,4046.60009765625,59,Gold
2026-07-24,4067.60009765625,4068.0,4067.60009765625,4067.60009765625,4067.60009765625,2,Gold
2026-07-27,4090.10009765625,4107.89990234375,4072.699951171875,4074.5,4074.5,36,Gold
2026-07-28,4025.699951171875,4036.300048828125,4025.699951171875,4036.300048828125,4036.300048828125,248,Gold
2026-07-29,4018.10009765625,4034.699951171875,4017.89990234375,4034.699951171875,4034.699951171875,89664,Gold
2026-07-30,4060.699951171875,4118.5,4028.5,4100.10009765625,4100.10009765625,16985,Gold
2026-07-31,4102.39990234375,4102.39990234375,4022.39990234375,4049.10009765625,4049.10009765625,1166,Gold
2026-08-03,4083.39990234375,4083.5,4026.5,4033.699951171875,4033.699951171875,698,Gold
2026-08-04,4050.5,4095.39990234375,4048.800048828125,4095.39990234375,4095.39990234375,426,Gold
2026-08-05,4130.0,4262.2001953125,4129.5,4245.7998046875,4245.7998046875,1349,Gold
2026-08-06,4297.0,4297.0,4228.0,4242.0,4242.0,3101,Gold
2026-08-07,4277.0,4371.5,4274.0,4340.7001953125,4340.7001953125,422,Gold
2026-08-10,4336.10009765625,4390.10009765625,4336.10009765625,4361.7998046875,4361.7998046875,1303,Gold
2026-08-11,4408.60009765625,4408.60009765625,4365.10009765625,4383.0,4383.0,204,Gold
2026-08-12,4406.5,4434.0,4406.2998046875,4408.89990234375,4408.89990234375,660,Gold
2026-08-13,4403.5,4445.0,4350.0,4363.60009765625,4363.60009765625,1491,Gold
2026-08-14,4322.10009765625,4397.10009765625,4315.0,4380.39990234375,4380.39990234375,673,Gold
2026-08-17,4394.7998046875,4428.5,4386.5,4417.7998046875,4417.7998046875,716,Gold
2026-08-18,4415.2001953125,4434.10009765625,4330.7001953125,4366.0,4366.0,1283,Gold
2026-08-19,4339.7998046875,4524.10009765625,4327.60009765625,4489.39990234375,4489.39990234375,1283,Gold
2024-08-20,29.854999542236328,29.954999923706055,29.454999923706055,29.454999923706055,29.454999923706055,15,Silver
2024-08-21,29.47599983215332,29.47599983215332,29.47599983215332,29.47599983215332,29.47599983215332,1,Silver
2024-08-22,29.44499969482422,29.450000762939453,29.0,29.006000518798828,29.006000518798828,4,Silver
2024-08-23,29.785999298095703,29.785999298095703,29.785999298095703,29.785999298095703,29.785999298095703,8,Silver
2024-08-26,30.104999542236328,30.104999542236328,29.905000686645508,29.976999282836914,29.976999282836914,53,Silver
2024-08-27,29.951000213623047,29.985000610351562,29.951000213623047,29.951000213623047,29.951000213623047,78,Silver
2024-08-28,29.176000595092773,29.176000595092773,29.176000595092773,29.176000595092773,29.176000595092773,42397,Silver
2024-08-29,29.110000610351562,29.655000686645508,29.110000610351562,29.55699920654297,29.55699920654297,7849,Silver
2024-08-30,29.3799991607666,29.55500030517578,28.709999084472656,28.731000900268555,28.731000900268555,488,Silver
2024-09-03,28.354999542236328,28.565000534057617,27.69499969482422,27.951000213623047,27.951000213623047,292,Silver
2024-09-04,27.885000228881836,28.21500015258789,27.885000228881836,28.16699981689453,28.16699981689453,237,Silver
2024-09-05,28.19499969482422,28.770000457763672,28.19499969482422,28.719999313354492,28.719999313354492,299,Silver
2024-09-06,28.584999084472656,28.584999084472656,27.808000564575195,27.808000564575195,27.808000564575195,72,Silver
2024-09-09,28.084999084472656,28.34000015258789,28.049999237060547,28.291000366210938,28.291000366210938,72,Silver
2024-09-10,28.2450008392334,28.256999969482422,28.204999923706055,28.256999969482422,28.256999969482422,20,Silver
2024-09-11,28.4950008392334,28.68000030517578,28.4950008392334,28.562999725341797,28.562999725341797,18,Silver
2024-09-12,28.80500030517578,29.799999237060547,28.790000915527344,29.743000030517578,29.743000030517578,33,Silver
2024-09-13,29.979999542236328,30.770000457763672,29.979999542236328,30.698999404907227,30.698999404907227,66,Silver
2024-09-16,30.885000228881836,31.014999389648438,30.764999389648438,30.770999908447266,30.770999908447266,116,Silver
2024-09-17,30.618999481201172,30.700000762939453,30.618999481201172,30.618999481201172,30.618999481201172,52,Silver
2024-09-18,30.65999984741211,30.729999542236328,30.299999237060547,30.340999603271484,30.340999603271484,86,Silver
2024-09-19,30.049999237060547,31.0939998626709,30.049999237060547,31.0939998626709,31.0939998626709,26,Silver
2024-09-20,31.065000534057617,31.200000762939453,31.065000534057617,31.176000595092773,31.176000595092773,3,Silver
2024-09-23,30.6299991607666,30.864999771118164,30.6299991607666,30.767000198364258,30.767000198364258,70,Silver
2024-09-24,30.860000610351562,32.111000061035156,30.825000762939453,32.111000061035156,32.111000061035156,35,Silver
2024-09-25,31.80500030517578,31.989999771118164,31.697999954223633,31.697999954223633,31.697999954223633,38,Silver
2024-09-26,32.23500061035156,32.25,32.025001525878906,32.025001525878906,32.025001525878906,301,Silver
2024-09-27,31.815000534057617,32.13999938964844,31.44499969482422,31.518999099731445,31.518999099731445,120,Silver
2024-09-30,31.604999542236328,31.604999542236328,31.1200008392334,31.163999557495117,31.163999557495117,73,Silver
2024-10-01,31.350000381469727,31.594999313354492,31.309999465942383,31.44499969482422,31.44499969482422,86,Silver
2024-10-02,31.05500030517578,31.700000762939453,31.05500030517578,31.628000259399414,31.628000259399414,24,Silver
2024-10-03,31.459999084472656,32.18899917602539,31.440000534057617,32.18899917602539,32.18899917602539,146,Silver
2024-10-04,32.095001220703125,32.86000061035156,31.610000610351562,32.12799835205078,32.12799835205078,156,Silver
2024-10-07,31.59000015258789,31.7450008392334,31.59000015258789,31.7450008392334,31.7450008392334,1,Silver
2024-10-08,31.385000228881836,31.385000228881836,30.354999542236328,30.354999542236328,30.354999542236328,21,Silver
2024-10-09,30.485000610351562,30.485000610351562,30.424999237060547,30.424999237060547,30.424999237060547,2,Silver
2024-10-10,31.0049991607666,31.0049991607666,31.0049991607666,31.0049991607666,31.0049991607666,4,Silver
2024-10-11,31.53499984741211,31.53499984741211,31.520000457763672,31.520000457763672,31.520000457763672,15,Silver
2024-10-14,31.08300018310547,31.200000762939453,31.08300018310547,31.08300018310547,31.08300018310547,2,Silver
2024-10-15,31.527000427246094,31.527000427246094,31.527000427246094,31.527000427246094,31.527000427246094,0,Silver
2024-10-16,31.649999618530273,31.760000228881836,31.645000457763672,31.760000228881836,31.760000228881836,25,Silver
2024-10-17,31.68000030517578,31.854999542236328,31.572999954223633,31.572999954223633,31.572999954223633,26,Silver
2024-10-18,33.03200149536133,33.68000030517578,33.03200149536133,33.03200149536133,33.03200149536133,33,Silver
2024-10-21,33.8650016784668,34.255001068115234,33.8650016784668,33.86899948120117,33.86899948120117,58,Silver
2024-10-22,34.474998474121094,34.834999084472656,34.42499923706055,34.83100128173828,34.83100128173828,80,Silver
2024-10-23,34.55500030517578,34.55500030517578,33.63999938964844,33.63999938964844,33.63999938964844,6,Silver
2024-10-24,34.13999938964844,34.13999938964844,33.611000061035156,33.611000061035156,33.611000061035156,24,Silver
2024-10-25,33.25,33.70500183105469,33.25,33.60300064086914,33.60300064086914,22,Silver
2024-10-28,33.77000045776367,33.83000183105469,33.77000045776367,33.83000183105469,33.83000183105469,3,Silver
2024-10-29,34.26900100708008,34.26900100708008,34.26900100708008,34.26900100708008,34.26900100708008,133,Silver
2024-10-30,34.119998931884766,34.16999816894531,33.540000915527344,33.91400146484375,33.91400146484375,79,Silver
2024-10-31,33.525001525878906,33.525001525878906,32.59000015258789,32.65299987792969,32.65299987792969,37,Silver
2024-11-01,32.54199981689453,32.54199981689453,32.400001525878906,32.54199981689453,32.54199981689453,98,Silver
2024-11-04,32.47999954223633,32.47999954223633,32.47999954223633,32.47999954223633,32.47999954223633,0,Silver
2024-11-05,32.654998779296875,32.654998779296875,32.654998779296875,32.654998779296875,32.654998779296875,6,Silver
2024-11-06,32.040000915527344,32.040000915527344,31.0,31.22100067138672,31.22100067138672,6,Silver
2024-11-07,31.44499969482422,31.764999389648438,31.44499969482422,31.764999389648438,31.764999389648438,222,Silver
2024-11-08,31.4950008392334,31.4950008392334,31.344999313354492,31.358999252319336,31.358999252319336,3,Silver
2024-11-11,31.114999771118164,31.114999771118164,30.5,30.540000915527344,30.540000915527344,69,Silver
2024-11-12,30.309999465942383,30.68600082397461,30.309999465942383,30.68600082397461,30.68600082397461,5,Silver
2024-11-13,30.969999313354492,30.969999313354492,30.43000030517578,30.59000015258789,30.59000015258789,5,Silver
2024-11-14,30.170000076293945,30.56999969482422,29.735000610351562,30.507999420166016,30.507999420166016,38,Silver
2024-11-15,30.31999969482422,30.371000289916992,30.2450008392334,30.371000289916992,30.371000289916992,2,Silver
2024-11-18,31.163000106811523,31.163000106811523,31.163000106811523,31.163000106811523,31.163000106811523,6,Silver
2024-11-19,31.454999923706055,31.475000381469727,31.149999618530273,31.20800018310547,31.20800018310547,10,Silver
2024-11-20,31.18000030517578,31.18000030517578,30.95599937438965,30.95599937438965,30.95599937438965,7,Silver
2024-11-21,30.94499969482422,30.94499969482422,30.75,30.91200065612793,30.91200065612793,30,Silver
2024-11-22,31.299999237060547,31.30900001525879,31.260000228881836,31.30900001525879,31.30900001525879,5,Silver
2024-11-25,30.815000534057617,30.815000534057617,30.209999084472656,30.209999084472656,30.209999084472656,12,Silver
2024-11-26,30.38800048828125,30.38800048828125,30.38800048828125,30.38800048828125,30.38800048828125,55215,Silver
2024-11-27,30.489999771118164,30.75,29.989999771118164,30.111000061035156,30.111000061035156,19729,Silver
2024-11-29,30.135000228881836,30.950000762939453,29.655000686645508,30.684999465942383,30.684999465942383,2230,Silver
2024-12-02,30.510000228881836,30.670000076293945,30.170000076293945,30.448999404907227,30.448999404907227,158,Silver
2024-12-03,30.934999465942383,31.110000610351562,30.8700008392334,31.07699966430664,31.07699966430664,211,Silver
2024-12-04,31.155000686645508,31.5049991607666,30.920000076293945,31.5049991607666,31.5049991607666,504,Silver
2024-12-05,31.290000915527344,31.475000381469727,31.134000778198242,31.134000778198242,31.134000778198242,211,Silver
2024-12-06,31.299999237060547,31.334999084472656,31.079999923706055,31.18600082397461,31.18600082397461,35,Silver
2024-12-09,31.440000534057617,32.51499938964844,31.440000534057617,32.215999603271484,32.215999603271484,642,Silver
2024-12-10,32.10499954223633,32.362998962402344,32.03499984741211,32.362998962402344,32.362998962402344,689,Silver
2024-12-11,32.34000015258789,32.5620002746582,32.20500183105469,32.5620002746582,32.5620002746582,484,Silver
2024-12-12,32.529998779296875,32.77000045776367,31.225000381469727,31.22800064086914,31.22800064086914,108,Silver
2024-12-13,31.0,31.0,30.559999465942383,30.655000686645508,30.655000686645508,47,Silver
2024-12-16,30.815000534057617,30.815000534057617,30.68000030517578,30.69700050354004,30.69700050354004,36,Silver
2024-12-17,30.344999313354492,30.572999954223633,30.290000915527344,30.572999954223633,30.572999954223633,365,Silver
2024-12-18,30.440000534057617,30.440000534057617,29.8799991607666,30.40999984741211,30.40999984741211,290,Silver
2024-12-19,29.604999542236328,29.614999771118164,28.854999542236328,29.0939998626709,29.0939998626709,81,Silver
2024-12-20,29.165000915527344,29.844999313354492,29.104999542236328,29.65999984741211,29.65999984741211,61,Silver
2024-12-23,29.895000457763672,29.989999771118164,29.88800048828125,29.88800048828125,29.88800048828125,54,Silver
2024-12-24,29.974000930786133,29.974000930786133,29.974000930786133,29.974000930786133,29.974000930786133,66,Silver
2024-12-26,30.014999389648438,30.114999771118164,29.979999542236328,30.047000885009766,30.047000885009766,109,Silver
2024-12-27,29.934999465942383,29.934999465942383,29.604999542236328,29.655000686645508,29.655000686645508,502,Silver
2024-12-30,29.65999984741211,29.719999313354492,28.989999771118164,29.106000900268555,29.106000900268555,200,Silver
2024-12-31,29.135000228881836,29.170000076293945,28.940000534057617,28.940000534057617,28.940000534057617,172,Silver
2025-01-02,29.260000228881836,29.71500015258789,29.260000228881836,29.621999740600586,29.621999740600586,307,Silver
2025-01-03,30.079999923706055,30.079999923706055,29.805999755859375,29.805999755859375,29.805999755859375,91,Silver
2025-01-06,30.3700008392334,30.459999084472656,29.959999084472656,30.341999053955078,30.341999053955078,186,Silver
2025-01-07,30.44700050354004,30.44700050354004,30.44700050354004,30.44700050354004,30.44700050354004,6,Silver
2025-01-08,30.524999618530273,30.649999618530273,30.280000686645508,30.45199966430664,30.45199966430664,46,Silver
2025-01-09,30.96500015258789,30.96500015258789,30.735000610351562,30.791000366210938,30.791000366210938,192,Silver
2025-01-10,31.53499984741211,31.53499984741211,31.09000015258789,31.090999603271484,31.090999603271484,60,Silver
2025-01-13,30.274999618530273,30.274999618530273,30.090999603271484,30.090999603271484,30.090999603271484,2,Silver
2025-01-14,30.19499969482422,30.19499969482422,30.131999969482422,30.131999969482422,30.131999969482422,66,Silver
2025-01-15,30.8799991607666,31.350000381469727,30.875,31.319000244140625,31.319000244140625,21,Silver
2025-01-16,31.385000228881836,31.674999237060547,31.329999923706055,31.523000717163086,31.523000717163086,109,Silver
2025-01-17,31.200000762939453,31.209999084472656,30.951000213623047,30.951000213623047,30.951000213623047,5,Silver
2025-01-21,30.799999237060547,31.31100082397461,30.774999618530273,31.31100082397461,31.31100082397461,215,Silver
2025-01-22,30.9950008392334,31.23900032043457,30.9950008392334,31.23900032043457,31.23900032043457,7,Silver
2025-01-23,30.399999618530273,30.67300033569336,30.399999618530273,30.67300033569336,30.67300033569336,2,Silver
2025-01-24,31.075000762939453,31.075000762939453,30.989999771118164,31.023000717163086,31.023000717163086,112,Silver
2025-01-27,30.253999710083008,30.253999710083008,30.253999710083008,30.253999710083008,30.253999710083008,111,Silver
2025-01-28,30.364999771118164,30.726999282836914,30.364999771118164,30.726999282836914,30.726999282836914,132,Silver
2025-01-29,31.238000869750977,31.238000869750977,31.238000869750977,31.238000869750977,31.238000869750977,263,Silver
2025-01-30,31.479999542236328,32.599998474121094,31.469999313354492,32.36399841308594,32.36399841308594,557,Silver
2025-01-31,32.67499923706055,32.7599983215332,32.11000061035156,32.12799835205078,32.12799835205078,162,Silver
2025-02-03,32.14500045776367,32.459999084472656,31.6299991607666,32.391998291015625,32.391998291015625,444,Silver
2025-02-04,32.209999084472656,32.88800048828125,32.1150016784668,32.88800048828125,32.88800048828125,744,Silver
2025-02-05,32.80500030517578,32.856998443603516,32.6349983215332,32.856998443603516,32.856998443603516,42,Silver
2025-02-06,32.5,32.518001556396484,32.3849983215332,32.518001556396484,32.518001556396484,651,Silver
2025-02-07,32.7400016784668,32.7400016784668,32.11000061035156,32.334999084472656,32.334999084472656,172,Silver
2025-02-10,32.310001373291016,32.391998291015625,32.310001373291016,32.391998291015625,32.391998291015625,456,Silver
2025-02-11,32.11000061035156,32.2599983215332,31.635000228881836,32.23099899291992,32.23099899291992,23,Silver
2025-02-12,31.96500015258789,32.755001068115234,31.96500015258789,32.69499969482422,32.69499969482422,80,Silver
2025-02-13,32.834999084472656,32.880001068115234,32.53499984741211,32.650001525878906,32.650001525878906,119,Silver
2025-02-14,33.744998931884766,34.08000183105469,32.75,32.80099868774414,32.80099868774414,153,Silver
2025-02-18,32.7599983215332,33.36000061035156,32.7599983215332,33.31700134277344,33.31700134277344,201,Silver
2025-02-19,33.560001373291016,33.560001373291016,32.99300003051758,32.99300003051758,32.99300003051758,21,Silver
2025-02-20,33.444000244140625,33.444000244140625,33.444000244140625,33.444000244140625,33.444000244140625,0,Silver
2025-02-21,33.32500076293945,33.32500076293945,32.97600173950195,32.97600173950195,32.97600173950195,96,Silver
2025-02-24,32.834999084472656,32.85499954223633,32.57500076293945,32.57500076293945,32.57500076293945,115,Silver
2025-02-25,32.125,32.439998626708984,31.801000595092773,31.801000595092773,31.801000595092773,72,Silver
2025-02-26,32.25299835205078,32.25299835205078,32.25299835205078,32.25299835205078,32.25299835205078,36515,Silver
2025-02-27,32.23500061035156,32.290000915527344,31.469999313354492,31.801000595092773,31.801000595092773,10140,Silver
2025-02-28,31.575000762939453,31.645000457763672,31.084999084472656,31.2189998626709,31.2189998626709,1641,Silver
2025-03-03,31.434999465942383,32.209999084472656,31.375,32.03200149536133,32.03200149536133,872,Silver
2025-03-04,31.84000015258789,32.290000915527344,31.770000457763672,32.108001708984375,32.108001708984375,762,Silver
2025-03-05,32.16999816894531,33.0,32.16999816894531,32.858001708984375,32.858001708984375,912,Silver
2025-03-06,32.97999954223633,33.0629997253418,32.630001068115234,33.0629997253418,33.0629997253418,370,Silver
2025-03-07,32.93000030517578,32.93000030517578,32.404998779296875,32.54800033569336,32.54800033569336,926,Silver
2025-03-10,32.76499938964844,32.76499938964844,32.10499954223633,32.275001525878906,32.275001525878906,300,Silver
2025-03-11,32.29499816894531,33.1349983215332,32.27000045776367,32.88800048828125,32.88800048828125,243,Silver
2025-03-12,33.244998931884766,33.5,33.189998626708984,33.48400115966797,33.48400115966797,689,Silver
2025-03-13,33.3849983215332,34.404998779296875,33.349998474121094,34.05099868774414,34.05099868774414,345,Silver
2025-03-14,34.244998931884766,34.55500030517578,34.05500030517578,34.1870002746582,34.1870002746582,191,Silver
2025-03-17,34.040000915527344,34.1150016784668,33.96500015258789,34.07400131225586,34.07400131225586,333,Silver
2025-03-18,34.5,34.57899856567383,34.404998779296875,34.57899856567383,34.57899856567383,15,Silver
2025-03-19,34.39500045776367,34.39500045776367,33.974998474121094,33.974998474121094,33.974998474121094,193,Silver
2025-03-20,33.689998626708984,33.810001373291016,33.689998626708984,33.7859992980957,33.7859992980957,257,Silver
2025-03-21,33.290000915527344,33.290000915527344,33.290000915527344,33.290000915527344,33.290000915527344,189,Silver
2025-03-24,33.474998474121094,33.47999954223633,33.26499938964844,33.26499938964844,33.26499938964844,88,Silver
2025-03-25,33.459999084472656,34.09000015258789,33.459999084472656,34.00199890136719,34.00199890136719,14,Silver
2025-03-26,34.30500030517578,34.30500030517578,33.994998931884766,34.03300094604492,34.03300094604492,134,Silver
2025-03-27,34.89699935913086,34.89699935913086,34.89699935913086,34.89699935913086,34.89699935913086,1017,Silver
2025-03-28,35.26499938964844,35.26499938964844,34.560001373291016,34.64400100708008,34.64400100708008,316,Silver
2025-03-31,34.7599983215332,35.0,34.400001525878906,34.457000732421875,34.457000732421875,97,Silver
2025-04-01,34.599998474121094,34.665000915527344,34.15800094604492,34.15800094604492,34.15800094604492,97,Silver
2025-04-02,34.499000549316406,34.85499954223633,34.499000549316406,34.499000549316406,34.499000549316406,558,Silver
2025-04-03,34.1349983215332,34.1349983215332,31.625,31.8439998626709,31.8439998626709,63,Silver
2025-04-04,31.440000534057617,31.5,29.115999221801758,29.115999221801758,29.115999221801758,61,Silver
2025-04-07,28.450000762939453,30.459999084472656,28.309999465942383,29.510000228881836,29.510000228881836,310,Silver
2025-04-08,29.764999389648438,30.31999969482422,29.591999053955078,29.591999053955078,29.591999053955078,64,Silver
2025-04-09,29.350000381469727,30.322999954223633,29.2549991607666,30.322999954223633,30.322999954223633,137,Silver
2025-04-10,31.030000686645508,31.049999237060547,30.67099952697754,30.67099952697754,30.67099952697754,4,Silver
2025-04-11,31.114999771118164,31.823999404907227,31.114999771118164,31.823999404907227,31.823999404907227,24,Silver
2025-04-14,31.799999237060547,32.09199905395508,31.799999237060547,32.09199905395508,32.09199905395508,17,Silver
2025-04-15,32.22700119018555,32.22700119018555,32.22700119018555,32.22700119018555,32.22700119018555,45,Silver
2025-04-16,33.025001525878906,33.025001525878906,32.755001068115234,32.92599868774414,32.92599868774414,97,Silver
2025-04-17,32.334999084472656,32.58000183105469,32.09000015258789,32.41999816894531,32.41999816894531,168,Silver
2025-04-21,32.650001525878906,32.78499984741211,32.49599838256836,32.49599838256836,32.49599838256836,56,Silver
2025-04-22,32.880001068115234,32.880001068115234,32.880001068115234,32.880001068115234,32.880001068115234,1,Silver
2025-04-23,33.54999923706055,33.54999923706055,33.518001556396484,33.518001556396484,33.518001556396484,52,Silver
2025-04-24,33.32500076293945,33.481998443603516,33.32500076293945,33.481998443603516,33.481998443603516,93,Silver
2025-04-25,32.98899841308594,32.98899841308594,32.98899841308594,32.98899841308594,32.98899841308594,93,Silver
2025-04-28,32.9900016784668,32.9900016784668,32.9900016784668,32.9900016784668,32.9900016784668,38963,Silver
2025-04-29,33.095001220703125,33.51499938964844,32.81999969482422,33.275001525878906,33.275001525878906,9484,Silver
2025-04-30,32.88999938964844,32.9900016784668,32.1349983215332,32.53099822998047,32.53099822998047,622,Silver
2025-05-01,32.54499816894531,32.55500030517578,31.684999465942383,32.18899917602539,32.18899917602539,556,Silver
2025-05-02,32.3849983215332,32.67499923706055,31.90999984741211,31.98900032043457,31.98900032043457,74,Silver
2025-05-05,31.920000076293945,32.47999954223633,31.915000915527344,32.20500183105469,32.20500183105469,224,Silver
2025-05-06,32.650001525878906,33.189998626708984,32.650001525878906,33.112998962402344,33.112998962402344,227,Silver
2025-05-07,32.80500030517578,32.80500030517578,32.19499969482422,32.53099822998047,32.53099822998047,253,Silver
2025-05-08,32.275001525878906,32.44499969482422,32.275001525878906,32.37799835205078,32.37799835205078,526,Silver
2025-05-09,32.67599868774414,32.72999954223633,32.67599868774414,32.67599868774414,32.67599868774414,7,Silver
2025-05-12,32.584999084472656,32.8650016784668,31.93000030517578,32.38800048828125,32.38800048828125,90,Silver
2025-05-13,33.20000076293945,33.20500183105469,32.80500030517578,32.86800003051758,32.86800003051758,28,Silver
2025-05-14,32.2400016784668,32.255001068115234,32.084999084472656,32.22600173950195,32.22600173950195,57,Silver
2025-05-15,32.48099899291992,32.48099899291992,32.48099899291992,32.48099899291992,32.48099899291992,2,Silver
2025-05-16,32.19499969482422,32.2400016784668,31.90999984741211,32.15800094604492,32.15800094604492,100,Silver
2025-05-19,32.439998626708984,32.56999969482422,32.209999084472656,32.3129997253418,32.3129997253418,217,Silver
2025-05-20,32.119998931884766,33.064998626708984,32.06999969482422,32.97999954223633,32.97999954223633,35,Silver
2025-05-21,33.04499816894531,33.57500076293945,33.04499816894531,33.4630012512207,33.4630012512207,217,Silver
2025-05-22,33.57500076293945,33.57500076293945,32.84000015258789,33.047000885009766,33.047000885009766,16,Silver
2025-05-23,33.099998474121094,33.53499984741211,33.099998474121094,33.44200134277344,33.44200134277344,44,Silver
2025-05-27,33.22999954223633,33.22999954223633,32.94499969482422,33.145999908447266,33.145999908447266,203,Silver
2025-05-28,33.14500045776367,33.14500045776367,32.95500183105469,33.0,33.0,656,Silver
2025-05-29,32.90999984741211,33.439998626708984,32.65999984741211,33.28300094604492,33.28300094604492,686,Silver
2025-05-30,32.974998474121094,32.974998474121094,32.891998291015625,32.891998291015625,32.891998291015625,380,Silver
2025-06-02,33.45000076293945,34.790000915527344,33.45000076293945,34.5629997253418,34.5629997253418,188,Silver
2025-06-03,34.314998626708984,34.50299835205078,34.314998626708984,34.50299835205078,34.50299835205078,14,Silver
2025-06-04,34.38999938964844,34.51900100708008,34.38999938964844,34.51900100708008,34.51900100708008,164,Silver
2025-06-05,35.30500030517578,36.025001525878906,35.29999923706055,35.68899917602539,35.68899917602539,55,Silver
2025-06-06,35.654998779296875,36.35499954223633,35.6349983215332,36.025001525878906,36.025001525878906,367,Silver
2025-06-09,36.6879997253418,36.6879997253418,36.6879997253418,36.6879997253418,36.6879997253418,28,Silver
2025-06-10,36.459999084472656,36.54199981689453,36.45000076293945,36.54199981689453,36.54199981689453,133,Silver
2025-06-11,36.09000015258789,36.27000045776367,36.09000015258789,36.16600036621094,36.16600036621094,33,Silver
2025-06-12,35.7599983215332,36.2130012512207,35.7599983215332,36.2130012512207,36.2130012512207,51,Silver
2025-06-13,36.20500183105469,36.314998626708984,36.20000076293945,36.28099822998047,36.28099822998047,90,Silver
2025-06-16,36.25,36.37900161743164,36.25,36.37900161743164,36.37900161743164,6,Silver
2025-06-17,36.810001373291016,37.255001068115234,36.810001373291016,37.09000015258789,37.09000015258789,60,Silver
2025-06-18,37.17499923706055,37.17499923706055,36.86600112915039,36.86600112915039,36.86600112915039,0,Silver
2025-06-20,35.775001525878906,35.97600173950195,35.775001525878906,35.97600173950195,35.97600173950195,2,Silver
2025-06-23,36.15999984741211,36.165000915527344,36.15299987792969,36.15299987792969,36.15299987792969,7,Silver
2025-06-24,35.83000183105469,35.83000183105469,35.599998474121094,35.70100021362305,35.70100021362305,10,Silver
2025-06-25,36.084999084472656,36.084999084472656,36.084999084472656,36.084999084472656,36.084999084472656,2,Silver
2025-06-26,36.310001373291016,36.58599853515625,36.310001373291016,36.58599853515625,36.58599853515625,43116,Silver
2025-06-27,36.560001373291016,36.63999938964844,35.6349983215332,36.0369987487793,36.0369987487793,7734,Silver
2025-06-30,35.89500045776367,36.119998931884766,35.27000045776367,35.85200119018555,35.85200119018555,191,Silver
2025-07-01,36.060001373291016,36.5,35.845001220703125,36.082000732421875,36.082000732421875,74,Silver
2025-07-02,35.97999954223633,36.45000076293945,35.97999954223633,36.42599868774414,36.42599868774414,512,Silver
2025-07-03,36.40999984741211,36.939998626708984,36.349998474121094,36.784000396728516,36.784000396728516,0,Silver
2025-07-04,36.775001525878906,36.775001525878906,36.775001525878906,36.775001525878906,36.775001525878906,0,Silver
2025-07-07,37.09000015258789,37.09000015258789,36.125,36.6150016784668,36.6150016784668,362,Silver
2025-07-08,36.685001373291016,36.685001373291016,36.2599983215332,36.47200012207031,36.47200012207031,463,Silver
2025-07-09,36.3849983215332,36.3849983215332,36.27000045776367,36.35100173950195,36.35100173950195,34,Silver
2025-07-10,36.63999938964844,37.40999984741211,36.63999938964844,37.03799819946289,37.03799819946289,746,Silver
2025-07-11,37.45000076293945,38.93000030517578,37.45000076293945,38.67599868774414,38.67599868774414,687,Silver
2025-07-14,39.099998474121094,39.13999938964844,38.36000061035156,38.46200180053711,38.46200180053711,103,Silver
2025-07-15,38.279998779296875,38.33000183105469,37.67499923706055,37.83399963378906,37.83399963378906,183,Silver
2025-07-16,37.970001220703125,38.05500030517578,37.790000915527344,37.85300064086914,37.85300064086914,218,Silver
2025-07-17,37.84000015258789,38.19499969482422,37.84000015258789,38.055999755859375,38.055999755859375,147,Silver
2025-07-18,38.51499938964844,38.51499938964844,38.222999572753906,38.222999572753906,38.222999572753906,52,Silver
2025-07-21,38.994998931884766,39.125,38.994998931884766,39.10100173950195,39.10100173950195,73,Silver
2025-07-22,38.915000915527344,39.35499954223633,38.915000915527344,39.31999969482422,39.31999969482422,67,Silver
2025-07-23,39.40999984741211,39.40999984741211,39.220001220703125,39.27799987792969,39.27799987792969,51,Silver
2025-07-24,39.060001373291016,39.130001068115234,38.84000015258789,39.020999908447266,39.020999908447266,59,Silver
2025-07-25,38.93000030517578,38.93000030517578,38.040000915527344,38.16699981689453,38.16699981689453,7,Silver
2025-07-28,38.130001068115234,38.189998626708984,38.02000045776367,38.0260009765625,38.0260009765625,154,Silver
2025-07-29,38.130001068115234,38.130001068115234,38.060001373291016,38.08399963378906,38.08399963378906,1109,Silver
2025-07-30,38.165000915527344,38.165000915527344,36.775001525878906,37.566001892089844,37.566001892089844,352,Silver
2025-07-31,36.84000015258789,36.84000015258789,36.551998138427734,36.551998138427734,36.551998138427734,89,Silver
2025-08-01,36.345001220703125,36.7869987487793,36.345001220703125,36.7869987487793,36.7869987487793,95,Silver
2025-08-04,37.14500045776367,37.29999923706055,37.14500045776367,37.19200134277344,37.19200134277344,488,Silver
2025-08-05,37.60499954223633,37.6870002746582,37.60499954223633,37.6870002746582,37.6870002746582,3,Silver
2025-08-06,37.7599983215332,37.76599884033203,37.7599983215332,37.76599884033203,37.76599884033203,6,Silver
2025-08-07,38.33000183105469,38.375,38.15800094604492,38.15800094604492,38.15800094604492,130,Silver
2025-08-08,38.48500061035156,38.619998931884766,38.38999938964844,38.41699981689453,38.41699981689453,54,Silver
2025-08-11,38.040000915527344,38.040000915527344,37.6619987487793,37.6619987487793,37.6619987487793,35,Silver
2025-08-12,37.55500030517578,37.89899826049805,37.55500030517578,37.89899826049805,37.89899826049805,19,Silver
2025-08-13,38.45000076293945,38.505001068115234,38.45000076293945,38.499000549316406,38.499000549316406,8,Silver
2025-08-14,37.981998443603516,37.981998443603516,37.981998443603516,37.981998443603516,37.981998443603516,5,Silver
2025-08-15,37.880001068115234,37.89400100708008,37.880001068115234,37.89400100708008,37.89400100708008,2,Silver
2025-08-18,37.95100021362305,37.95100021362305,37.95100021362305,37.95100021362305,37.95100021362305,3,Silver
2025-08-19,37.30500030517578,37.30500030517578,37.20500183105469,37.26100158691406,37.26100158691406,10,Silver
2025-08-20,37.744998931884766,37.744998931884766,37.70500183105469,37.70500183105469,37.70500183105469,2,Silver
2025-08-21,38.027000427246094,38.027000427246094,38.027000427246094,38.027000427246094,38.027000427246094,28,Silver
2025-08-22,39.00299835205078,39.00299835205078,39.00299835205078,39.00299835205078,39.00299835205078,2,Silver
2025-08-25,38.76499938964844,38.790000915527344,38.5099983215332,38.676998138427734,38.676998138427734,344,Silver
2025-08-26,38.525001525878906,38.582000732421875,38.525001525878906,38.582000732421875,38.582000732421875,78,Silver
2025-08-27,38.68899917602539,38.68899917602539,38.68899917602539,38.68899917602539,38.68899917602539,38378,Silver
2025-08-28,38.689998626708984,39.334999084472656,38.68000030517578,39.189998626708984,39.189998626708984,5603,Silver
2025-08-29,39.154998779296875,40.30500030517578,38.904998779296875,40.20000076293945,40.20000076293945,0,Silver
2025-09-02,40.185001373291016,41.34000015258789,40.185001373291016,41.07099914550781,41.07099914550781,820,Silver
2025-09-03,41.150001525878906,41.71500015258789,41.01499938964844,41.54199981689453,41.54199981689453,409,Silver
2025-09-04,41.029998779296875,41.05500030517578,40.79999923706055,40.9109992980957,40.9109992980957,249,Silver
2025-09-05,40.959999084472656,41.53499984741211,40.869998931884766,41.07400131225586,41.07400131225586,835,Silver
2025-09-08,41.150001525878906,41.779998779296875,41.150001525878906,41.42599868774414,41.42599868774414,531,Silver
2025-09-09,41.56999969482422,41.56999969482422,40.87799835205078,40.87799835205078,40.87799835205078,359,Silver
2025-09-10,41.132999420166016,41.132999420166016,41.132999420166016,41.132999420166016,41.132999420166016,350,Silver
2025-09-11,41.35499954223633,41.7400016784668,41.349998474121094,41.696998596191406,41.696998596191406,538,Silver
2025-09-12,41.599998474121094,42.387001037597656,41.599998474121094,42.387001037597656,42.387001037597656,18,Silver
2025-09-15,42.209999084472656,42.58000183105469,42.209999084472656,42.516998291015625,42.516998291015625,48,Silver
2025-09-16,42.47100067138672,42.47100067138672,42.435001373291016,42.47100067138672,42.47100067138672,894,Silver
2025-09-17,41.88999938964844,41.935001373291016,41.72200012207031,41.72200012207031,41.72200012207031,311,Silver
2025-09-18,41.70000076293945,41.709999084472656,41.494998931884766,41.707000732421875,41.707000732421875,156,Silver
2025-09-19,41.915000915527344,42.8650016784668,41.814998626708984,42.5359992980957,42.5359992980957,625,Silver
2025-09-22,43.66999816894531,43.91999816894531,43.29999923706055,43.79899978637695,43.79899978637695,179,Silver
2025-09-23,43.900001525878906,44.29999923706055,43.70000076293945,44.19200134277344,44.19200134277344,400,Silver
2025-09-24,44.11000061035156,44.185001373291016,43.70000076293945,43.777000427246094,43.777000427246094,174,Silver
2025-09-25,43.790000915527344,45.0,43.78499984741211,44.696998596191406,44.696998596191406,199,Silver
2025-09-26,44.875,46.22100067138672,44.869998931884766,46.22100067138672,46.22100067138672,556,Silver
2025-09-29,46.13999938964844,46.875,46.09000015258789,46.61199951171875,46.61199951171875,622,Silver
2025-09-30,46.935001373291016,46.959999084472656,45.96500015258789,46.25299835205078,46.25299835205078,338,Silver
2025-10-01,47.345001220703125,47.5099983215332,46.790000915527344,47.290000915527344,47.290000915527344,125,Silver
2025-10-02,46.970001220703125,47.244998931884766,45.3849983215332,46.0,46.0,509,Silver
2025-10-03,47.59700012207031,47.59700012207031,47.59700012207031,47.59700012207031,47.59700012207031,53,Silver
2025-10-06,47.89500045776367,48.082000732421875,47.89500045776367,48.082000732421875,48.082000732421875,60,Silver
2025-10-07,47.41999816894531,47.849998474121094,47.029998779296875,47.17900085449219,47.17900085449219,708,Silver
2025-10-08,47.88999938964844,48.65599822998047,47.88999938964844,48.65599822998047,48.65599822998047,149,Silver
2025-10-09,47.92499923706055,49.4900016784668,46.73500061035156,46.849998474121094,46.849998474121094,1568,Silver
2025-10-10,46.93000030517578,48.290000915527344,46.93000030517578,46.9379997253418,46.9379997253418,453,Silver
2025-10-13,49.34000015258789,50.494998931884766,49.34000015258789,50.130001068115234,50.130001068115234,453,Silver
2025-10-14,51.2599983215332,51.98500061035156,48.53499984741211,50.31399917602539,50.31399917602539,249,Silver
2025-10-15,50.939998626708984,51.57500076293945,50.845001220703125,51.073001861572266,51.073001861572266,102,Silver
2025-10-16,52.5099983215332,53.10499954223633,51.78499984741211,53.02299880981445,53.02299880981445,356,Silver
2025-10-17,53.21500015258789,53.34000015258789,49.64500045776367,49.86399841308594,49.86399841308594,400,Silver
2025-10-20,50.415000915527344,51.43000030517578,50.13999938964844,51.11899948120117,51.11899948120117,652,Silver
2025-10-21,50.80500030517578,50.80500030517578,47.415000915527344,47.45000076293945,47.45000076293945,329,Silver
2025-10-22,47.88999938964844,48.1150016784668,47.220001220703125,47.46099853515625,47.46099853515625,347,Silver
2025-10-23,48.470001220703125,48.90999984741211,48.459999084472656,48.481998443603516,48.481998443603516,507,Silver
2025-10-24,47.42499923706055,48.43000030517578,47.42499923706055,48.37699890136719,48.37699890136719,270,Silver
2025-10-27,47.810001373291016,47.810001373291016,45.845001220703125,46.5620002746582,46.5620002746582,161,Silver
2025-10-28,46.32500076293945,47.125,46.32500076293945,47.125,47.125,59,Silver
2025-10-29,47.72100067138672,47.72100067138672,47.72100067138672,47.72100067138672,47.72100067138672,545,Silver
2025-10-30,47.540000915527344,48.61000061035156,47.1349983215332,48.428001403808594,48.428001403808594,370,Silver
2025-10-31,48.439998626708984,48.68000030517578,47.99399948120117,47.99399948120117,47.99399948120117,484,Silver
2025-11-03,47.82500076293945,48.349998474121094,47.82500076293945,47.88800048828125,47.88800048828125,0,Silver
2025-11-04,46.92499923706055,47.130001068115234,46.80500030517578,47.130001068115234,47.130001068115234,115,Silver
2025-11-05,47.560001373291016,47.880001068115234,47.560001373291016,47.862998962402344,47.862998962402344,23,Silver
2025-11-06,47.79399871826172,47.79399871826172,47.79399871826172,47.79399871826172,47.79399871826172,86,Silver
2025-11-07,48.029998779296875,48.040000915527344,48.01499938964844,48.016998291015625,48.016998291015625,23,Silver
2025-11-10,49.5,50.176998138427734,49.5,50.176998138427734,50.176998138427734,91,Silver
2025-11-11,50.43000030517578,50.85499954223633,50.43000030517578,50.61800003051758,50.61800003051758,106,Silver
2025-11-12,51.25,53.5,51.25,53.332000732421875,53.332000732421875,20,Silver
2025-11-13,52.93000030517578,54.20000076293945,52.65999984741211,53.07400131225586,53.07400131225586,264,Silver
2025-11-14,53.099998474121094,53.099998474121094,50.244998931884766,50.59000015258789,50.59000015258789,73,Silver
2025-11-17,50.75,50.75,49.665000915527344,50.625,50.625,71,Silver
2025-11-18,49.33000183105469,50.91999816894531,49.23500061035156,50.45000076293945,50.45000076293945,384,Silver
2025-11-19,51.599998474121094,51.75,50.42499923706055,50.790000915527344,50.790000915527344,72,Silver
2025-11-20,50.349998474121094,50.349998474121094,50.005001068115234,50.24700164794922,50.24700164794922,10,Silver
2025-11-21,49.849998474121094,49.94499969482422,48.125,49.87300109863281,49.87300109863281,22,Silver
2025-11-24,49.595001220703125,50.29499816894531,49.595001220703125,50.29499816894531,50.29499816894531,35,Silver
2025-11-25,50.845001220703125,51.130001068115234,50.814998626708984,50.933998107910156,50.933998107910156,49588,Silver
2025-11-26,51.10499954223633,53.095001220703125,50.959999084472656,52.91600036621094,52.91600036621094,14378,Silver
2025-11-28,53.07500076293945,56.45500183105469,52.54999923706055,56.44599914550781,56.44599914550781,2541,Silver
2025-12-01,56.220001220703125,58.474998474121094,56.13999938964844,58.417999267578125,58.417999267578125,994,Silver
2025-12-02,57.66999816894531,58.459999084472656,56.58000183105469,57.983001708984375,57.983001708984375,392,Silver
2025-12-03,58.78499984741211,58.900001525878906,57.650001525878906,57.92100143432617,57.92100143432617,264,Silver
2025-12-04,58.29999923706055,58.29999923706055,56.29999923706055,56.84700012207031,56.84700012207031,335,Silver
2025-12-05,56.834999084472656,58.470001220703125,56.834999084472656,58.422000885009766,58.422000885009766,284,Silver
2025-12-08,58.209999084472656,58.34000015258789,57.52000045776367,57.77899932861328,57.77899932861328,518,Silver
2025-12-09,57.6150016784668,60.52000045776367,57.6150016784668,60.16899871826172,60.16899871826172,324,Silver
2025-12-10,60.56999969482422,61.529998779296875,60.1150016784668,60.37900161743164,60.37900161743164,462,Silver
2025-12-11,61.974998474121094,63.92900085449219,61.875,63.92900085449219,63.92900085449219,408,Silver
2025-12-12,63.06999969482422,63.55500030517578,60.665000915527344,61.36199951171875,61.36199951171875,435,Silver
2025-12-15,61.22999954223633,62.95000076293945,61.22999954223633,62.939998626708984,62.939998626708984,387,Silver
2025-12-16,62.665000915527344,63.0,62.540000915527344,62.70000076293945,62.70000076293945,70,Silver
2025-12-17,65.27999877929688,66.4749984741211,65.08999633789062,66.23699951171875,66.23699951171875,233,Silver
2025-12-18,65.7750015258789,65.7750015258789,64.27999877929688,64.59200286865234,64.59200286865234,118,Silver
2025-12-19,66.49500274658203,66.84500122070312,66.48500061035156,66.84500122070312,66.84500122070312,144,Silver
2025-12-22,67.00499725341797,68.86499786376953,67.00499725341797,67.90599822998047,67.90599822998047,130,Silver
2025-12-23,69.08000183105469,70.57499694824219,69.07499694824219,70.48500061035156,70.48500061035156,40,Silver
2025-12-24,71.51499938964844,71.51499938964844,71.0,71.03099822998047,71.03099822998047,35,Silver
2025-12-26,74.5,78.83999633789062,73.73500061035156,76.48600006103516,76.48600006103516,140,Silver
2025-12-29,79.69999694824219,79.69999694824219,69.85600280761719,69.85600280761719,69.85600280761719,1608,Silver
2025-12-30,71.33000183105469,77.41000366210938,70.5,77.3740005493164,77.3740005493164,992,Silver
2025-12-31,74.6050033569336,74.625,70.13400268554688,70.13400268554688,70.13400268554688,343,Silver
2026-01-02,71.375,73.58999633789062,70.55599975585938,70.55599975585938,70.55599975585938,602,Silver
2026-01-05,74.17500305175781,76.81999969482422,73.90499877929688,76.16400146484375,76.16400146484375,883,Silver
2026-01-06,75.93000030517578,80.8550033569336,75.93000030517578,80.52999877929688,80.52999877929688,580,Silver
2026-01-07,80.9000015258789,80.9000015258789,75.875,77.13500213623047,77.13500213623047,2093,Silver
2026-01-08,76.56999969482422,76.56999969482422,73.16500091552734,74.71600341796875,74.71600341796875,1447,Silver
2026-01-09,76.69999694824219,79.9749984741211,76.69999694824219,78.88400268554688,78.88400268554688,254,Silver
2026-01-12,82.0,85.82499694824219,82.0,84.61000061035156,84.61000061035156,575,Silver
2026-01-13,84.90499877929688,88.61000061035156,84.58999633789062,85.87699890136719,85.87699890136719,341,Silver
2026-01-14,89.3499984741211,93.0,88.70500183105469,90.86900329589844,90.86900329589844,470,Silver
2026-01-15,90.82499694824219,92.41999816894531,86.12999725341797,91.8759994506836,91.8759994506836,390,Silver
2026-01-16,90.44000244140625,90.92500305175781,86.19499969482422,88.09100341796875,88.09100341796875,685,Silver
2026-01-20,92.31999969482422,94.98999786376953,92.05999755859375,94.20600128173828,94.20600128173828,543,Silver
2026-01-21,93.88500213623047,94.52999877929688,91.58999633789062,92.20999908447266,92.20999908447266,231,Silver
2026-01-22,92.83499908447266,95.9800033569336,92.4800033569336,95.97599792480469,95.97599792480469,548,Silver
2026-01-23,98.2699966430664,102.92500305175781,97.7300033569336,100.92500305175781,100.92500305175781,283,Silver
2026-01-26,105.04499816894531,117.19499969482422,103.22000122070312,115.08000183105469,115.08000183105469,537,Silver
2026-01-27,104.4000015258789,110.5199966430664,103.0999984741211,105.52300262451172,105.52300262451172,131,Silver
2026-01-28,114.57499694824219,114.57499694824219,112.73500061035156,113.11100006103516,113.11100006103516,1436,Silver
2026-01-29,116.88999938964844,121.30000305175781,107.97000122070312,114.03700256347656,114.03700256347656,1261,Silver
2026-01-30,116.86499786376953,117.79000091552734,76.0250015258789,78.29000091552734,78.29000091552734,841,Silver
2026-02-02,81.0,84.38999938964844,73.36000061035156,76.77799987792969,76.77799987792969,388,Silver
2026-02-03,80.125,88.19499969482422,80.0,83.04199981689453,83.04199981689453,840,Silver
2026-02-04,87.11000061035156,90.9749984741211,83.625,84.16500091552734,84.16500091552734,158,Silver
2026-02-05,88.44000244140625,88.44000244140625,71.08000183105469,76.52899932861328,76.52899932861328,422,Silver
2026-02-06,70.40499877929688,77.31999969482422,68.70999908447266,76.73500061035156,76.73500061035156,118,Silver
2026-02-09,80.50499725341797,82.06500244140625,79.9800033569336,82.06500244140625,82.06500244140625,443,Silver
2026-02-10,81.67500305175781,81.67500305175781,79.83999633789062,80.21800231933594,80.21800231933594,112,Silver
2026-02-11,80.99500274658203,84.47000122070312,80.98500061035156,83.75399780273438,83.75399780273438,11,Silver
2026-02-12,82.68499755859375,82.69499969482422,75.5459976196289,75.5459976196289,75.5459976196289,78,Silver
2026-02-13,75.11000061035156,78.47000122070312,74.83000183105469,77.85099792480469,77.85099792480469,63,Silver
2026-02-17,75.3499984741211,75.3499984741211,72.0,73.4469985961914,73.4469985961914,61,Silver
2026-02-18,75.69999694824219,77.50900268554688,75.69999694824219,77.50900268554688,77.50900268554688,18,Silver
2026-02-19,76.94000244140625,78.94000244140625,76.94000244140625,77.56500244140625,77.56500244140625,208,Silver
2026-02-20,80.45999908447266,84.41500091552734,80.45999908447266,82.28299713134766,82.28299713134766,30,Silver
2026-02-23,86.49500274658203,87.91500091552734,86.49500274658203,86.52300262451172,86.52300262451172,41,Silver
2026-02-24,86.29000091552734,87.45700073242188,86.29000091552734,87.45700073242188,87.45700073242188,268,Silver
2026-02-25,90.93900299072266,90.93900299072266,90.93900299072266,90.93900299072266,90.93900299072266,36156,Silver
2026-02-26,88.92500305175781,90.25499725341797,84.9800033569336,86.99800109863281,86.99800109863281,6626,Silver
2026-02-27,88.06500244140625,93.87999725341797,87.81999969482422,92.68199920654297,92.68199920654297,1134,Silver
2026-03-02,95.86000061035156,95.86000061035156,86.22000122070312,88.28399658203125,88.28399658203125,1338,Silver
2026-03-03,89.58999633789062,90.80000305175781,79.0,82.9229965209961,82.9229965209961,1600,Silver
2026-03-04,83.08499908447266,85.01499938964844,82.63300323486328,82.63300323486328,82.63300323486328,502,Silver
2026-03-05,84.09500122070312,84.1500015258789,80.95500183105469,81.68699645996094,81.68699645996094,597,Silver
2026-03-06,82.91999816894531,84.33499908447266,81.42500305175781,83.81600189208984,83.81600189208984,282,Silver
2026-03-09,82.49500274658203,86.51000213623047,79.5,84.03199768066406,84.03199768066406,497,Silver
2026-03-10,87.12000274658203,89.58999633789062,87.0,89.08300018310547,89.08300018310547,106,Silver
2026-03-11,88.54499816894531,88.68000030517578,84.5250015258789,85.06500244140625,85.06500244140625,1455,Silver
2026-03-12,86.56500244140625,87.16000366210938,84.66999816894531,84.66999816894531,84.66999816894531,284,Silver
2026-03-13,82.0,83.81500244140625,79.44999694824219,80.91400146484375,80.91400146484375,856,Silver
2026-03-16,79.0,80.90499877929688,79.0,80.26300048828125,80.26300048828125,91,Silver
2026-03-17,80.43000030517578,82.23999786376953,78.58000183105469,79.52999877929688,79.52999877929688,248,Silver
2026-03-18,76.5,77.73500061035156,74.80000305175781,77.23799896240234,77.23799896240234,340,Silver
2026-03-19,75.70500183105469,76.1050033569336,67.0,70.9020004272461,70.9020004272461,138,Silver
2026-03-20,71.91999816894531,71.92500305175781,69.36000061035156,69.36000061035156,69.36000061035156,45,Silver
2026-03-23,64.73999786376953,69.51000213623047,61.09000015258789,69.04900360107422,69.04900360107422,271,Silver
2026-03-24,69.08999633789062,71.18499755859375,68.55000305175781,69.27400207519531,69.27400207519531,122,Silver
2026-03-25,71.38999938964844,73.16999816894531,71.2249984741211,72.36100006103516,72.36100006103516,211,Silver
2026-03-26,70.1050033569336,70.1050033569336,67.2300033569336,67.6709976196289,67.6709976196289,31,Silver
2026-03-27,67.55000305175781,69.54499816894531,67.54000091552734,69.54499816894531,69.54499816894531,391,Silver
2026-03-30,67.90499877929688,70.9800033569336,67.81999969482422,70.3239974975586,70.3239974975586,482,Silver
2026-03-31,72.55500030517578,75.16999816894531,72.55500030517578,74.69000244140625,74.69000244140625,98,Silver
2026-04-01,74.34500122070312,75.86699676513672,73.9000015258789,75.86699676513672,75.86699676513672,81,Silver
2026-04-02,73.71499633789062,73.71499633789062,69.83499908447266,72.73500061035156,72.73500061035156,0,Silver
2026-04-06,71.8499984741211,72.66100311279297,71.8499984741211,72.66100311279297,72.66100311279297,1,Silver
2026-04-07,71.8949966430664,71.8949966430664,70.0,71.82599639892578,71.82599639892578,91,Silver
2026-04-08,76.16999816894531,77.44999694824219,75.2239990234375,75.2239990234375,75.2239990234375,34,Silver
2026-04-09,73.77999877929688,76.2770004272461,73.77999877929688,76.2770004272461,76.2770004272461,4,Silver
2026-04-10,75.30500030517578,76.6500015258789,75.30500030517578,76.3239974975586,76.3239974975586,175,Silver
2026-04-13,72.80000305175781,75.52300262451172,72.79499816894531,75.52300262451172,75.52300262451172,13,Silver
2026-04-14,76.81500244140625,79.58999633789062,76.81500244140625,79.39099884033203,79.39099884033203,590,Silver
2026-04-15,80.25,80.3499984741211,79.30000305175781,79.49099731445312,79.49099731445312,473,Silver
2026-04-16,79.17500305175781,79.17500305175781,78.60600280761719,78.60600280761719,78.60600280761719,504,Silver
2026-04-17,82.37999725341797,82.83000183105469,81.73799896240234,81.73799896240234,81.73799896240234,38,Silver
2026-04-20,79.5250015258789,79.95099639892578,79.50499725341797,79.95099639892578,79.95099639892578,24,Silver
2026-04-21,78.94999694824219,78.94999694824219,76.41100311279297,76.41100311279297,76.41100311279297,34,Silver
2026-04-22,76.875,77.89299774169922,76.875,77.89299774169922,77.89299774169922,9,Silver
2026-04-23,76.30500030517578,76.32499694824219,75.46499633789062,75.46499633789062,75.46499633789062,21,Silver
2026-04-24,76.38300323486328,76.38300323486328,76.38300323486328,76.38300323486328,76.38300323486328,31,Silver
2026-04-27,75.26499938964844,75.33499908447266,74.75499725341797,75.00299835205078,75.00299835205078,7,Silver
2026-04-28,73.20500183105469,73.20500183105469,73.20500183105469,73.20500183105469,73.20500183105469,28613,Silver
2026-04-29,72.98500061035156,73.81500244140625,70.88500213623047,71.56900024414062,71.56900024414062,4128,Silver
2026-04-30,71.38500213623047,73.8499984741211,71.38500213623047,73.53399658203125,73.53399658203125,498,Silver
2026-05-01,74.41999816894531,76.87999725341797,73.11000061035156,75.95099639892578,75.95099639892578,598,Silver
2026-05-04,75.4000015258789,75.4000015258789,72.5,73.0719985961914,73.0719985961914,591,Silver
2026-05-05,72.66999816894531,73.94499969482422,72.66999816894531,73.10800170898438,73.10800170898438,194,Silver
2026-05-06,73.88999938964844,77.83499908447266,73.7750015258789,76.81099700927734,76.81099700927734,235,Silver
2026-05-07,77.87000274658203,82.17500305175781,77.87000274658203,79.70099639892578,79.70099639892578,301,Silver
2026-05-08,80.81500244140625,81.5999984741211,80.05999755859375,80.3949966430664,80.3949966430664,14,Silver
2026-05-11,85.6050033569336,86.25,85.0,85.48500061035156,85.48500061035156,408,Silver
2026-05-12,86.49500274658203,86.91000366210938,83.75,85.12999725341797,85.12999725341797,418,Silver
2026-05-13,86.93000030517578,88.88800048828125,86.93000030517578,88.88800048828125,88.88800048828125,137,Silver
2026-05-14,87.07499694824219,87.07499694824219,84.9000015258789,84.91200256347656,84.91200256347656,91,Silver
2026-05-15,80.61000061035156,80.61000061035156,76.00499725341797,77.16100311279297,77.16100311279297,53,Silver
2026-05-18,75.34500122070312,78.05500030517578,74.74500274658203,77.072998046875,77.072998046875,211,Silver
2026-05-19,78.46499633789062,78.46499633789062,73.79000091552734,74.8280029296875,74.8280029296875,50,Silver
2026-05-20,75.58999633789062,76.42500305175781,75.16999816894531,75.85099792480469,75.85099792480469,249,Silver
2026-05-21,74.95999908447266,76.87000274658203,74.95999908447266,76.41400146484375,76.41400146484375,4,Silver
2026-05-22,76.0199966430664,76.04000091552734,75.89299774169922,75.89299774169922,75.89299774169922,20,Silver
2026-05-26,77.50499725341797,77.50499725341797,76.09500122070312,76.30500030517578,76.30500030517578,110,Silver
2026-05-27,74.56999969482422,74.75,74.31999969482422,74.5989990234375,74.5989990234375,863,Silver
2026-05-28,73.6500015258789,76.0,71.97000122070312,75.6449966430664,75.6449966430664,280,Silver
2026-05-29,75.5199966430664,75.61599731445312,75.11499786376953,75.61599731445312,75.61599731445312,23,Silver
2026-06-01,74.375,75.6449966430664,74.375,75.00700378417969,75.00700378417969,82,Silver
2026-06-02,75.6500015258789,76.0250015258789,75.31099700927734,75.31099700927734,75.31099700927734,58,Silver
2026-06-03,73.47599792480469,73.47599792480469,73.20999908447266,73.47599792480469,73.47599792480469,13,Silver
2026-06-04,73.08999633789062,74.19999694824219,73.08999633789062,73.77899932861328,73.77899932861328,138,Silver
2026-06-05,72.57499694824219,72.7300033569336,68.6500015258789,68.94300079345703,68.94300079345703,62,Silver
2026-06-08,67.44999694824219,68.80999755859375,66.87000274658203,68.42500305175781,68.42500305175781,22,Silver
2026-06-09,68.2249984741211,68.81500244140625,65.0,65.09400177001953,65.09400177001953,81,Silver
2026-06-10,63.81999969482422,64.5989990234375,63.744998931884766,64.5989990234375,64.5989990234375,4,Silver
2026-06-11,63.95500183105469,63.98500061035156,63.8849983215332,63.8849983215332,63.8849983215332,22,Silver
2026-06-12,67.04499816894531,68.08000183105469,67.0199966430664,67.85900115966797,67.85900115966797,11,Silver
2026-06-15,70.06600189208984,70.06600189208984,70.06600189208984,70.06600189208984,70.06600189208984,0,Silver
2026-06-16,69.89900207519531,69.89900207519531,69.89900207519531,69.89900207519531,69.89900207519531,2,Silver
2026-06-17,70.30999755859375,70.94999694824219,68.76000213623047,70.69599914550781,70.69599914550781,22,Silver
2026-06-18,66.25499725341797,66.25499725341797,66.25499725341797,66.25499725341797,66.25499725341797,0,Silver
2026-06-22,65.5270004272461,65.5270004272461,65.5270004272461,65.5270004272461,65.5270004272461,16,Silver
2026-06-23,61.95000076293945,62.02000045776367,61.95000076293945,62.02000045776367,62.02000045776367,56,Silver
2026-06-24,59.38999938964844,59.51499938964844,57.25,58.051998138427734,58.051998138427734,79,Silver
2026-06-25,58.3849983215332,58.3849983215332,58.347999572753906,58.347999572753906,58.347999572753906,148,Silver
2026-06-26,59.189998626708984,59.21699905395508,59.189998626708984,59.21699905395508,59.21699905395508,25322,Silver
2026-06-29,58.68000030517578,59.125,57.540000915527344,58.17499923706055,58.17499923706055,3617,Silver
2026-06-30,58.34000015258789,60.400001525878906,57.03499984741211,59.47700119018555,59.47700119018555,1886,Silver
2026-07-01,58.8650016784668,60.41999816894531,57.32500076293945,60.084999084472656,60.084999084472656,367,Silver
2026-07-02,59.470001220703125,61.595001220703125,59.46500015258789,60.643001556396484,60.643001556396484,197,Silver
2026-07-06,62.619998931884766,62.619998931884766,61.6349983215332,61.91999816894531,61.91999816894531,69,Silver
2026-07-07,61.20500183105469,61.369998931884766,60.20500183105469,60.930999755859375,60.930999755859375,124,Silver
2026-07-08,60.904998779296875,60.904998779296875,57.7599983215332,58.16400146484375,58.16400146484375,326,Silver
2026-07-09,59.220001220703125,60.5,58.900001525878906,60.37799835205078,60.37799835205078,192,Silver
2026-07-10,59.97999954223633,60.345001220703125,59.720001220703125,59.808998107910156,59.808998107910156,73,Silver
2026-07-13,58.935001373291016,59.04499816894531,57.5099983215332,57.63399887084961,57.63399887084961,589,Silver
2026-07-14,57.650001525878906,59.60499954223633,57.51499938964844,58.77199935913086,58.77199935913086,131,Silver
2026-07-15,58.69499969482422,58.69499969482422,56.900001525878906,57.11000061035156,57.11000061035156,568,Silver
2026-07-16,55.915000915527344,56.084999084472656,55.89799880981445,55.89799880981445,55.89799880981445,1809,Silver
2026-07-17,55.54999923706055,56.03799819946289,55.01499938964844,56.03799819946289,56.03799819946289,427,Silver
2026-07-20,55.654998779296875,57.10499954223633,55.654998779296875,56.801998138427734,56.801998138427734,1714,Silver
2026-07-21,56.334999084472656,59.025001525878906,56.334999084472656,58.834999084472656,58.834999084472656,124,Silver
2026-07-22,59.3849983215332,60.01900100708008,59.3849983215332,60.01900100708008,60.01900100708008,358,Silver
2026-07-23,58.65999984741211,58.65999984741211,57.79800033569336,57.79800033569336,57.79800033569336,28,Silver
2026-07-24,58.65599822998047,58.65599822998047,58.65599822998047,58.65599822998047,58.65599822998047,5,Silver
2026-07-27,58.47200012207031,58.47200012207031,58.47200012207031,58.47200012207031,58.47200012207031,3,Silver
2026-07-28,57.29600143432617,57.29600143432617,57.29600143432617,57.29600143432617,57.29600143432617,2,Silver
2026-07-29,57.862998962402344,57.862998962402344,57.862998962402344,57.862998962402344,57.862998962402344,382,Silver
2026-07-30,57.275001525878906,59.25,57.224998474121094,58.814998626708984,58.814998626708984,138,Silver
2026-07-31,59.20000076293945,59.20000076293945,57.34000015258789,57.590999603271484,57.590999603271484,65,Silver
2026-08-03,57.66699981689453,57.79999923706055,57.66699981689453,57.66699981689453,57.66699981689453,90,Silver
2026-08-04,58.099998474121094,60.055999755859375,58.099998474121094,60.055999755859375,60.055999755859375,9,Silver
2026-08-05,62.45000076293945,62.45000076293945,62.0989990234375,62.0989990234375,62.0989990234375,6,Silver
2026-08-06,61.90999984741211,61.90999984741211,61.43899917602539,61.43899917602539,61.43899917602539,8,Silver
2026-08-07,63.619998931884766,65.05000305175781,63.332000732421875,63.332000732421875,63.332000732421875,461,Silver
2026-08-10,63.904998779296875,65.10600280761719,63.904998779296875,65.10600280761719,65.10600280761719,24,Silver
2026-08-11,64.86499786376953,64.86499786376953,64.76899719238281,64.76899719238281,64.76899719238281,8,Silver
2026-08-12,66.625,66.6500015258789,65.55500030517578,65.55500030517578,65.55500030517578,186,Silver
2026-08-13,64.87300109863281,64.87300109863281,64.77999877929688,64.87300109863281,64.87300109863281,3,Silver
2026-08-14,64.98799896240234,64.98799896240234,64.98799896240234,64.98799896240234,64.98799896240234,0,Silver
2026-08-17,65.24500274658203,66.12100219726562,65.24500274658203,66.12100219726562,66.12100219726562,4,Silver
2026-08-18,65.25,65.25,63.60499954223633,63.941001892089844,63.941001892089844,29,Silver
2026-08-19,63.20500183105469,66.8499984741211,63.119998931884766,65.73400115966797,65.73400115966797,29,Silver
2024-08-20,24648.900390625,24734.30078125,24607.19921875,24698.849609375,24698.849609375,238300,Nifty_50
2024-08-21,24680.55078125,24787.94921875,24654.5,24770.19921875,24770.19921875,257100,Nifty_50
2024-08-22,24863.400390625,24867.349609375,24784.44921875,24811.5,24811.5,220300,Nifty_50
2024-08-23,24845.400390625,24858.400390625,24771.650390625,24823.150390625,24823.150390625,206800,Nifty_50
2024-08-26,24906.099609375,25043.80078125,24874.69921875,25010.599609375,25010.599609375,210300,Nifty_50
2024-08-27,25024.80078125,25073.099609375,24973.650390625,25017.75,25017.75,223300,Nifty_50
2024-08-28,25030.80078125,25129.599609375,24964.650390625,25052.349609375,25052.349609375,220400,Nifty_50
2024-08-29,25035.30078125,25192.900390625,24998.5,25151.94921875,25151.94921875,354000,Nifty_50
2024-08-30,25249.69921875,25268.349609375,25199.400390625,25235.900390625,25235.900390625,638200,Nifty_50
2024-09-02,25333.599609375,25333.650390625,25235.5,25278.69921875,25278.69921875,222800,Nifty_50
2024-09-03,25313.400390625,25321.69921875,25235.80078125,25279.849609375,25279.849609375,212100,Nifty_50
2024-09-04,25089.94921875,25216.0,25083.80078125,25198.69921875,25198.69921875,253800,Nifty_50
2024-09-05,25250.5,25275.44921875,25127.75,25145.099609375,25145.099609375,222200,Nifty_50
2024-09-06,25093.69921875,25168.75,24801.30078125,24852.150390625,24852.150390625,311700,Nifty_50
2024-09-09,24823.400390625,24957.5,24753.150390625,24936.400390625,24936.400390625,254400,Nifty_50
2024-09-10,24999.400390625,25130.5,24896.80078125,25041.099609375,25041.099609375,251300,Nifty_50
2024-09-11,25034.0,25113.69921875,24885.150390625,24918.44921875,24918.44921875,279200,Nifty_50
2024-09-12,25059.650390625,25433.349609375,24941.44921875,25388.900390625,25388.900390625,380100,Nifty_50
2024-09-13,25430.44921875,25430.5,25292.44921875,25356.5,25356.5,250800,Nifty_50
2024-09-16,25406.650390625,25445.69921875,25336.19921875,25383.75,25383.75,168700,Nifty_50
2024-09-17,25416.900390625,25441.650390625,25352.25,25418.55078125,25418.55078125,216000,Nifty_50
2024-09-18,25402.400390625,25482.19921875,25285.55078125,25377.55078125,25377.55078125,215700,Nifty_50
2024-09-19,25487.05078125,25611.94921875,25376.05078125,25415.80078125,25415.80078125,314500,Nifty_50
2024-09-20,25525.94921875,25849.25,25426.599609375,25790.94921875,25790.94921875,533100,Nifty_50
2024-09-23,25872.55078125,25956.0,25847.349609375,25939.05078125,25939.05078125,209200,Nifty_50
2024-09-24,25921.44921875,26011.55078125,25886.849609375,25940.400390625,25940.400390625,384100,Nifty_50
2024-09-25,25899.44921875,26032.80078125,25871.349609375,26004.150390625,26004.150390625,278500,Nifty_50
2024-09-26,26005.400390625,26250.900390625,25998.400390625,26216.05078125,26216.05078125,370900,Nifty_50
2024-09-27,26248.25,26277.349609375,26151.400390625,26178.94921875,26178.94921875,490300,Nifty_50
2024-09-30,26061.30078125,26134.69921875,25794.099609375,25810.849609375,25810.849609375,343100,Nifty_50
2024-10-01,25788.44921875,25907.599609375,25739.19921875,25796.900390625,25796.900390625,247400,Nifty_50
2024-10-03,25452.849609375,25639.44921875,25230.30078125,25250.099609375,25250.099609375,423400,Nifty_50
2024-10-04,25181.900390625,25485.05078125,24966.80078125,25014.599609375,25014.599609375,374900,Nifty_50
2024-10-07,25084.099609375,25143.0,24694.349609375,24795.75,24795.75,374300,Nifty_50
2024-10-08,24832.19921875,25044.0,24756.80078125,25013.150390625,25013.150390625,333200,Nifty_50
2024-10-09,25065.80078125,25234.05078125,24947.69921875,24981.94921875,24981.94921875,290600,Nifty_50
2024-10-10,25067.05078125,25134.05078125,24979.400390625,24998.44921875,24998.44921875,261400,Nifty_50
2024-10-11,24985.30078125,25028.650390625,24920.05078125,24964.25,24964.25,210500,Nifty_50
2024-10-14,25023.44921875,25159.75,25017.5,25127.94921875,25127.94921875,206400,Nifty_50
2024-10-15,25186.30078125,25212.05078125,25008.150390625,25057.349609375,25057.349609375,257200,Nifty_50
2024-10-16,25008.55078125,25093.400390625,24908.44921875,24971.30078125,24971.30078125,226800,Nifty_50
2024-10-17,25027.400390625,25029.5,24728.900390625,24749.849609375,24749.849609375,252800,Nifty_50
2024-10-18,24664.94921875,24886.19921875,24567.650390625,24854.05078125,24854.05078125,290900,Nifty_50
2024-10-21,24956.150390625,24978.30078125,24679.599609375,24781.099609375,24781.099609375,242000,Nifty_50
2024-10-22,24798.650390625,24882.0,24445.80078125,24472.099609375,24472.099609375,279500,Nifty_50
2024-10-23,24378.150390625,24604.25,24378.099609375,24435.5,24435.5,284600,Nifty_50
2024-10-24,24412.69921875,24480.650390625,24341.19921875,24399.400390625,24399.400390625,216700,Nifty_50
2024-10-25,24418.05078125,24440.25,24073.900390625,24180.80078125,24180.80078125,372600,Nifty_50
2024-10-28,24251.099609375,24492.599609375,24134.900390625,24339.150390625,24339.150390625,278600,Nifty_50
2024-10-29,24328.849609375,24484.5,24140.849609375,24466.849609375,24466.849609375,332000,Nifty_50
2024-10-30,24371.44921875,24498.19921875,24307.30078125,24340.849609375,24340.849609375,285200,Nifty_50
2024-10-31,24349.849609375,24372.44921875,24172.599609375,24205.349609375,24205.349609375,287000,Nifty_50
2024-11-01,24302.75,24368.25,24280.19921875,24304.349609375,24304.349609375,38800,Nifty_50
2024-11-04,24315.75,24316.75,23816.150390625,23995.349609375,23995.349609375,285500,Nifty_50
2024-11-05,23916.5,24229.05078125,23842.75,24213.30078125,24213.30078125,289500,Nifty_50
2024-11-06,24308.75,24537.599609375,24204.05078125,24484.05078125,24484.05078125,351100,Nifty_50
2024-11-07,24489.599609375,24503.349609375,24179.05078125,24199.349609375,24199.349609375,322200,Nifty_50
2024-11-08,24207.69921875,24276.150390625,24066.650390625,24148.19921875,24148.19921875,298700,Nifty_50
2024-11-11,24087.25,24336.80078125,24004.599609375,24141.30078125,24141.30078125,273400,Nifty_50
2024-11-12,24225.80078125,24242.0,23839.150390625,23883.44921875,23883.44921875,255800,Nifty_50
2024-11-13,23822.44921875,23873.599609375,23509.599609375,23559.05078125,23559.05078125,304600,Nifty_50
2024-11-14,23542.150390625,23675.900390625,23484.150390625,23532.69921875,23532.69921875,257700,Nifty_50
2024-11-18,23605.30078125,23606.80078125,23350.400390625,23453.80078125,23453.80078125,263300,Nifty_50
2024-11-19,23529.55078125,23780.650390625,23464.80078125,23518.5,23518.5,297500,Nifty_50
2024-11-21,23488.44921875,23507.30078125,23263.150390625,23349.900390625,23349.900390625,420300,Nifty_50
2024-11-22,23411.80078125,23956.099609375,23359.0,23907.25,23907.25,367600,Nifty_50
2024-11-25,24253.55078125,24351.55078125,24135.44921875,24221.900390625,24221.900390625,687200,Nifty_50
2024-11-26,24343.30078125,24343.30078125,24125.400390625,24194.5,24194.5,230700,Nifty_50
2024-11-27,24204.80078125,24354.55078125,24145.650390625,24274.900390625,24274.900390625,295000,Nifty_50
2024-11-28,24274.150390625,24345.75,23873.349609375,23914.150390625,23914.150390625,366700,Nifty_50
2024-11-29,23927.150390625,24188.44921875,23927.150390625,24131.099609375,24131.099609375,282100,Nifty_50
2024-12-02,24140.849609375,24301.69921875,24008.650390625,24276.05078125,24276.05078125,220400,Nifty_50
2024-12-03,24367.5,24481.349609375,24280.0,24457.150390625,24457.150390625,339500,Nifty_50
2024-12-04,24488.75,24573.19921875,24366.30078125,24467.44921875,24467.44921875,348000,Nifty_50
2024-12-05,24539.150390625,24857.75,24295.55078125,24708.400390625,24708.400390625,361500,Nifty_50
2024-12-06,24729.44921875,24751.05078125,24620.5,24677.80078125,24677.80078125,226700,Nifty_50
2024-12-09,24633.900390625,24705.0,24580.05078125,24619.0,24619.0,248100,Nifty_50
2024-12-10,24652.650390625,24677.80078125,24510.650390625,24610.05078125,24610.05078125,261000,Nifty_50
2024-12-11,24620.5,24691.75,24583.849609375,24641.80078125,24641.80078125,187300,Nifty_50
2024-12-12,24604.44921875,24675.25,24527.94921875,24548.69921875,24548.69921875,266100,Nifty_50
2024-12-13,24498.349609375,24792.30078125,24180.80078125,24768.30078125,24768.30078125,310100,Nifty_50
2024-12-16,24753.400390625,24781.25,24601.75,24668.25,24668.25,187600,Nifty_50
2024-12-17,24584.80078125,24624.099609375,24303.44921875,24336.0,24336.0,264900,Nifty_50
2024-12-18,24297.94921875,24394.44921875,24149.849609375,24198.849609375,24198.849609375,235300,Nifty_50
2024-12-19,23877.150390625,24004.900390625,23870.30078125,23951.69921875,23951.69921875,271100,Nifty_50
2024-12-20,23960.69921875,24065.80078125,23537.349609375,23587.5,23587.5,442700,Nifty_50
2024-12-23,23738.19921875,23869.55078125,23647.19921875,23753.44921875,23753.44921875,189800,Nifty_50
2024-12-24,23769.099609375,23867.650390625,23685.150390625,23727.650390625,23727.650390625,177700,Nifty_50
2024-12-26,23775.80078125,23854.5,23653.599609375,23750.19921875,23750.19921875,177700,Nifty_50
2024-12-27,23801.400390625,23938.849609375,23800.599609375,23813.400390625,23813.400390625,176800,Nifty_50
2024-12-30,23796.900390625,23915.349609375,23599.30078125,23644.900390625,23644.900390625,364900,Nifty_50
2024-12-31,23560.599609375,23689.849609375,23460.44921875,23644.80078125,23644.80078125,193600,Nifty_50
2025-01-01,23637.650390625,23822.80078125,23562.80078125,23742.900390625,23742.900390625,154900,Nifty_50
2025-01-02,23783.0,24226.69921875,23751.55078125,24188.650390625,24188.650390625,283200,Nifty_50
2025-01-03,24196.400390625,24196.44921875,23976.0,24004.75,24004.75,312300,Nifty_50
2025-01-06,24045.80078125,24089.94921875,23551.900390625,23616.05078125,23616.05078125,278100,Nifty_50
2025-01-07,23679.900390625,23795.19921875,23637.80078125,23707.900390625,23707.900390625,262300,Nifty_50
2025-01-08,23746.650390625,23751.849609375,23496.150390625,23688.94921875,23688.94921875,266400,Nifty_50
2025-01-09,23674.75,23689.5,23503.05078125,23526.5,23526.5,269200,Nifty_50
2025-01-10,23551.900390625,23596.599609375,23344.349609375,23431.5,23431.5,261000,Nifty_50
2025-01-13,23195.400390625,23340.94921875,23047.25,23085.94921875,23085.94921875,316500,Nifty_50
2025-01-14,23165.900390625,23264.94921875,23134.150390625,23176.05078125,23176.05078125,311200,Nifty_50
2025-01-15,23250.44921875,23293.650390625,23146.44921875,23213.19921875,23213.19921875,228000,Nifty_50
2025-01-16,23377.25,23391.650390625,23272.05078125,23311.80078125,23311.80078125,299400,Nifty_50
2025-01-17,23277.099609375,23292.099609375,23100.349609375,23203.19921875,23203.19921875,272900,Nifty_50
2025-01-20,23290.400390625,23391.099609375,23170.650390625,23344.75,23344.75,301500,Nifty_50
2025-01-21,23421.650390625,23426.30078125,22976.849609375,23024.650390625,23024.650390625,312900,Nifty_50
2025-01-22,23099.150390625,23169.55078125,22981.30078125,23155.349609375,23155.349609375,276000,Nifty_50
2025-01-23,23128.30078125,23270.80078125,23090.650390625,23205.349609375,23205.349609375,275600,Nifty_50
2025-01-24,23183.900390625,23347.30078125,23050.0,23092.19921875,23092.19921875,264300,Nifty_50
2025-01-27,22940.150390625,23007.44921875,22786.900390625,22829.150390625,22829.150390625,257400,Nifty_50
2025-01-28,22960.44921875,23137.94921875,22857.650390625,22957.25,22957.25,361900,Nifty_50
2025-01-29,23026.75,23183.349609375,22976.5,23163.099609375,23163.099609375,226300,Nifty_50
2025-01-30,23169.5,23322.05078125,23139.19921875,23249.5,23249.5,361900,Nifty_50
2025-01-31,23296.75,23546.80078125,23277.400390625,23508.400390625,23508.400390625,304900,Nifty_50
2025-02-01,23528.599609375,23632.44921875,23318.30078125,23482.150390625,23482.150390625,281000,Nifty_50
2025-02-03,23319.349609375,23381.599609375,23222.0,23361.05078125,23361.05078125,329700,Nifty_50
2025-02-04,23509.900390625,23762.75,23423.150390625,23739.25,23739.25,376700,Nifty_50
2025-02-05,23801.75,23807.30078125,23680.44921875,23696.30078125,23696.30078125,267000,Nifty_50
2025-02-06,23761.94921875,23773.55078125,23556.25,23603.349609375,23603.349609375,307000,Nifty_50
2025-02-07,23649.5,23694.5,23443.19921875,23559.94921875,23559.94921875,368100,Nifty_50
2025-02-10,23543.80078125,23568.599609375,23316.30078125,23381.599609375,23381.599609375,234200,Nifty_50
2025-02-11,23383.55078125,23390.05078125,22986.650390625,23071.80078125,23071.80078125,268000,Nifty_50
2025-02-12,23050.80078125,23144.69921875,22798.349609375,23045.25,23045.25,279700,Nifty_50
2025-02-13,23055.75,23235.5,22992.19921875,23031.400390625,23031.400390625,265700,Nifty_50
2025-02-14,23096.44921875,23133.69921875,22774.849609375,22929.25,22929.25,254500,Nifty_50
2025-02-17,22809.900390625,22974.19921875,22725.44921875,22959.5,22959.5,207400,Nifty_50
2025-02-18,22963.650390625,22992.5,22801.5,22945.30078125,22945.30078125,210600,Nifty_50
2025-02-19,22847.25,23049.94921875,22814.849609375,22932.900390625,22932.900390625,207000,Nifty_50
2025-02-20,22821.099609375,22923.849609375,22812.75,22913.150390625,22913.150390625,240800,Nifty_50
2025-02-21,22857.19921875,22921.0,22720.30078125,22795.900390625,22795.900390625,242800,Nifty_50
2025-02-24,22609.349609375,22668.05078125,22518.80078125,22553.349609375,22553.349609375,214300,Nifty_50
2025-02-25,22516.44921875,22625.30078125,22513.900390625,22547.55078125,22547.55078125,250300,Nifty_50
2025-02-27,22568.94921875,22613.30078125,22508.400390625,22545.05078125,22545.05078125,289200,Nifty_50
2025-02-28,22433.400390625,22450.349609375,22104.849609375,22124.69921875,22124.69921875,551300,Nifty_50
2025-03-03,22194.55078125,22261.55078125,22004.69921875,22119.30078125,22119.30078125,282400,Nifty_50
2025-03-04,21974.44921875,22105.05078125,21964.599609375,22082.650390625,22082.650390625,253300,Nifty_50
2025-03-05,22073.05078125,22394.900390625,22067.80078125,22337.30078125,22337.30078125,305900,Nifty_50
2025-03-06,22476.349609375,22556.44921875,22245.849609375,22544.69921875,22544.69921875,372100,Nifty_50
2025-03-07,22508.650390625,22633.80078125,22464.75,22552.5,22552.5,289800,Nifty_50
2025-03-10,22521.849609375,22676.75,22429.05078125,22460.30078125,22460.30078125,293900,Nifty_50
2025-03-11,22345.94921875,22522.099609375,22314.69921875,22497.900390625,22497.900390625,347900,Nifty_50
2025-03-12,22536.349609375,22577.400390625,22329.55078125,22470.5,22470.5,369700,Nifty_50
2025-03-13,22541.5,22558.05078125,22377.349609375,22397.19921875,22397.19921875,287500,Nifty_50
2025-03-17,22353.150390625,22577.0,22353.150390625,22508.75,22508.75,251100,Nifty_50
2025-03-18,22662.25,22857.80078125,22599.19921875,22834.30078125,22834.30078125,272600,Nifty_50
2025-03-19,22874.94921875,22940.69921875,22807.94921875,22907.599609375,22907.599609375,324000,Nifty_50
2025-03-20,23036.599609375,23216.69921875,22973.94921875,23190.650390625,23190.650390625,313700,Nifty_50
2025-03-21,23168.25,23402.69921875,23132.80078125,23350.400390625,23350.400390625,541000,Nifty_50
2025-03-24,23515.400390625,23708.75,23433.5,23658.349609375,23658.349609375,311900,Nifty_50
2025-03-25,23751.5,23869.599609375,23601.400390625,23668.650390625,23668.650390625,338200,Nifty_50
2025-03-26,23700.94921875,23736.5,23451.69921875,23486.849609375,23486.849609375,278600,Nifty_50
2025-03-27,23433.94921875,23646.44921875,23412.19921875,23591.94921875,23591.94921875,510300,Nifty_50
2025-03-28,23600.400390625,23649.19921875,23450.19921875,23519.349609375,23519.349609375,295400,Nifty_50
2025-04-01,23341.099609375,23565.150390625,23136.400390625,23165.69921875,23165.69921875,314300,Nifty_50
2025-04-02,23192.599609375,23350.0,23158.44921875,23332.349609375,23332.349609375,341000,Nifty_50
2025-04-03,23150.30078125,23306.5,23145.80078125,23250.099609375,23250.099609375,283200,Nifty_50
2025-04-04,23190.400390625,23214.69921875,22857.44921875,22904.44921875,22904.44921875,466800,Nifty_50
2025-04-07,21758.400390625,22254.0,21743.650390625,22161.599609375,22161.599609375,647100,Nifty_50
2025-04-08,22446.75,22697.19921875,22270.849609375,22535.849609375,22535.849609375,468300,Nifty_50
2025-04-09,22460.30078125,22468.69921875,22353.25,22399.150390625,22399.150390625,383800,Nifty_50
2025-04-11,22695.400390625,22923.900390625,22695.400390625,22828.55078125,22828.55078125,402200,Nifty_50
2025-04-15,23368.349609375,23368.349609375,23207.0,23328.55078125,23328.55078125,388300,Nifty_50
2025-04-16,23344.099609375,23452.19921875,23273.05078125,23437.19921875,23437.19921875,348400,Nifty_50
2025-04-17,23401.849609375,23872.349609375,23298.55078125,23851.650390625,23851.650390625,505300,Nifty_50
2025-04-21,23949.150390625,24189.55078125,23903.650390625,24125.55078125,24125.55078125,406100,Nifty_50
2025-04-22,24185.400390625,24242.599609375,24072.0,24167.25,24167.25,440900,Nifty_50
2025-04-23,24357.599609375,24359.30078125,24119.94921875,24328.94921875,24328.94921875,415000,Nifty_50
2025-04-24,24277.900390625,24347.849609375,24216.150390625,24246.69921875,24246.69921875,358800,Nifty_50
2025-04-25,24289.0,24365.44921875,23847.849609375,24039.349609375,24039.349609375,387700,Nifty_50
2025-04-28,24070.25,24355.099609375,24054.05078125,24328.5,24328.5,320500,Nifty_50
2025-04-29,24370.69921875,24457.650390625,24290.75,24335.94921875,24335.94921875,357600,Nifty_50
2025-04-30,24342.05078125,24396.150390625,24198.75,24334.19921875,24334.19921875,424500,Nifty_50
2025-05-02,24311.900390625,24589.150390625,24238.5,24346.69921875,24346.69921875,421100,Nifty_50
2025-05-05,24419.5,24526.400390625,24400.650390625,24461.150390625,24461.150390625,291500,Nifty_50
2025-05-06,24500.75,24509.650390625,24331.80078125,24379.599609375,24379.599609375,302400,Nifty_50
2025-05-07,24233.30078125,24449.599609375,24220.0,24414.400390625,24414.400390625,330100,Nifty_50
2025-05-08,24431.5,24447.25,24150.19921875,24273.80078125,24273.80078125,411400,Nifty_50
2025-05-09,23935.75,24164.25,23935.75,24008.0,24008.0,335600,Nifty_50
2025-05-12,24420.099609375,24944.80078125,24378.849609375,24924.69921875,24924.69921875,368700,Nifty_50
2025-05-13,24864.05078125,24973.80078125,24547.5,24578.349609375,24578.349609375,423000,Nifty_50
2025-05-14,24613.80078125,24767.55078125,24535.55078125,24666.900390625,24666.900390625,345500,Nifty_50
2025-05-15,24694.44921875,25116.25,24494.44921875,25062.099609375,25062.099609375,500800,Nifty_50
2025-05-16,25064.650390625,25070.0,24953.05078125,25019.80078125,25019.80078125,432700,Nifty_50
2025-05-19,25005.349609375,25062.94921875,24916.650390625,24945.44921875,24945.44921875,255300,Nifty_50
2025-05-20,24996.19921875,25010.349609375,24669.69921875,24683.900390625,24683.900390625,414800,Nifty_50
2025-05-21,24744.25,24946.19921875,24685.349609375,24813.44921875,24813.44921875,332700,Nifty_50
2025-05-22,24733.94921875,24737.5,24462.400390625,24609.69921875,24609.69921875,403300,Nifty_50
2025-05-23,24639.5,24909.05078125,24614.05078125,24853.150390625,24853.150390625,270500,Nifty_50
2025-05-26,24919.349609375,25079.19921875,24900.5,25001.150390625,25001.150390625,302800,Nifty_50
2025-05-27,24956.650390625,25062.900390625,24704.099609375,24826.19921875,24826.19921875,525700,Nifty_50
2025-05-28,24832.5,24864.25,24737.05078125,24752.44921875,24752.44921875,684400,Nifty_50
2025-05-29,24825.099609375,24892.599609375,24677.30078125,24833.599609375,24833.599609375,345400,Nifty_50
2025-05-30,24812.599609375,24863.94921875,24717.400390625,24750.69921875,24750.69921875,853900,Nifty_50
2025-06-02,24669.69921875,24754.400390625,24526.150390625,24716.599609375,24716.599609375,311100,Nifty_50
2025-06-03,24786.30078125,24845.099609375,24502.150390625,24542.5,24542.5,349300,Nifty_50
2025-06-04,24560.44921875,24644.25,24530.44921875,24620.19921875,24620.19921875,280900,Nifty_50
2025-06-05,24691.19921875,24899.849609375,24613.099609375,24750.900390625,24750.900390625,388400,Nifty_50
2025-06-06,24748.69921875,25029.5,24671.44921875,25003.05078125,25003.05078125,335600,Nifty_50
2025-06-09,25160.099609375,25160.099609375,25077.150390625,25103.19921875,25103.19921875,279200,Nifty_50
2025-06-10,25196.05078125,25199.30078125,25055.44921875,25104.25,25104.25,307300,Nifty_50
2025-06-11,25134.150390625,25222.400390625,25081.30078125,25141.400390625,25141.400390625,301200,Nifty_50
2025-06-12,25164.44921875,25196.19921875,24825.900390625,24888.19921875,24888.19921875,328300,Nifty_50
2025-06-13,24473.0,24754.349609375,24473.0,24718.599609375,24718.599609375,318700,Nifty_50
2025-06-16,24732.349609375,24967.099609375,24703.599609375,24946.5,24946.5,305800,Nifty_50
2025-06-17,24977.849609375,24982.05078125,24813.69921875,24853.400390625,24853.400390625,242400,Nifty_50
2025-06-18,24788.349609375,24947.55078125,24750.44921875,24812.05078125,24812.05078125,237600,Nifty_50
2025-06-19,24803.25,24863.099609375,24733.400390625,24793.25,24793.25,274600,Nifty_50
2025-06-20,24787.650390625,25136.19921875,24783.650390625,25112.400390625,25112.400390625,574700,Nifty_50
2025-06-23,24939.75,25057.0,24824.849609375,24971.900390625,24971.900390625,248500,Nifty_50
2025-06-24,25179.900390625,25317.69921875,24999.69921875,25044.349609375,25044.349609375,450200,Nifty_50
2025-06-25,25150.349609375,25266.80078125,25125.05078125,25244.75,25244.75,260600,Nifty_50
2025-06-26,25268.94921875,25565.30078125,25259.900390625,25549.0,25549.0,428900,Nifty_50
2025-06-27,25576.650390625,25654.19921875,25523.55078125,25637.80078125,25637.80078125,564000,Nifty_50
2025-06-30,25661.650390625,25669.349609375,25473.30078125,25517.05078125,25517.05078125,271000,Nifty_50
2025-07-01,25551.349609375,25593.400390625,25501.80078125,25541.80078125,25541.80078125,260700,Nifty_50
2025-07-02,25588.30078125,25608.099609375,25378.75,25453.400390625,25453.400390625,309800,Nifty_50
2025-07-03,25505.099609375,25587.5,25384.349609375,25405.30078125,25405.30078125,293400,Nifty_50
2025-07-04,25428.849609375,25470.25,25331.650390625,25461.0,25461.0,193500,Nifty_50
2025-07-07,25450.44921875,25489.80078125,25407.25,25461.30078125,25461.30078125,196100,Nifty_50
2025-07-08,25427.849609375,25548.05078125,25424.150390625,25522.5,25522.5,210400,Nifty_50
2025-07-09,25514.599609375,25548.69921875,25424.349609375,25476.099609375,25476.099609375,239100,Nifty_50
2025-07-10,25511.650390625,25524.05078125,25340.44921875,25355.25,25355.25,219600,Nifty_50
2025-07-11,25255.5,25322.44921875,25129.0,25149.849609375,25149.849609375,250000,Nifty_50
2025-07-14,25149.5,25151.099609375,25001.94921875,25082.30078125,25082.30078125,259500,Nifty_50
2025-07-15,25089.5,25245.19921875,25088.44921875,25195.80078125,25195.80078125,241300,Nifty_50
2025-07-16,25196.599609375,25255.30078125,25121.05078125,25212.05078125,25212.05078125,228800,Nifty_50
2025-07-17,25230.75,25238.349609375,25101.0,25111.44921875,25111.44921875,243400,Nifty_50
2025-07-18,25108.55078125,25144.599609375,24918.650390625,24968.400390625,24968.400390625,317000,Nifty_50
2025-07-21,24999.0,25111.400390625,24882.30078125,25090.69921875,25090.69921875,305200,Nifty_50
2025-07-22,25166.650390625,25182.0,25035.55078125,25060.900390625,25060.900390625,483700,Nifty_50
2025-07-23,25139.349609375,25233.5,25085.5,25219.900390625,25219.900390625,271500,Nifty_50
2025-07-24,25243.30078125,25246.25,25018.69921875,25062.099609375,25062.099609375,338700,Nifty_50
2025-07-25,25010.349609375,25010.349609375,24806.349609375,24837.0,24837.0,278100,Nifty_50
2025-07-28,24782.44921875,24889.19921875,24646.599609375,24680.900390625,24680.900390625,262100,Nifty_50
2025-07-29,24609.650390625,24847.150390625,24598.599609375,24821.099609375,24821.099609375,284700,Nifty_50
2025-07-30,24890.400390625,24902.30078125,24771.94921875,24855.05078125,24855.05078125,243900,Nifty_50
2025-07-31,24642.25,24956.5,24635.0,24768.349609375,24768.349609375,346300,Nifty_50
2025-08-01,24734.900390625,24784.150390625,24535.05078125,24565.349609375,24565.349609375,263400,Nifty_50
2025-08-04,24596.05078125,24736.25,24554.0,24722.75,24722.75,259300,Nifty_50
2025-08-05,24720.25,24733.099609375,24590.30078125,24649.55078125,24649.55078125,251800,Nifty_50
2025-08-06,24641.349609375,24671.400390625,24539.19921875,24574.19921875,24574.19921875,225100,Nifty_50
2025-08-07,24464.19921875,24634.19921875,24344.150390625,24596.150390625,24596.150390625,616700,Nifty_50
2025-08-08,24544.25,24585.5,24337.5,24363.30078125,24363.30078125,312600,Nifty_50
2025-08-11,24371.5,24600.849609375,24347.44921875,24585.05078125,24585.05078125,241100,Nifty_50
2025-08-12,24563.349609375,24702.599609375,24465.650390625,24487.400390625,24487.400390625,237000,Nifty_50
2025-08-13,24586.19921875,24664.55078125,24535.25,24619.349609375,24619.349609375,236000,Nifty_50
2025-08-14,24607.25,24673.650390625,24596.900390625,24631.30078125,24631.30078125,270200,Nifty_50
2025-08-18,24938.19921875,25022.0,24852.849609375,24876.94921875,24876.94921875,363100,Nifty_50
2025-08-19,24891.349609375,25012.650390625,24873.94921875,24980.650390625,24980.650390625,252300,Nifty_50
2025-08-20,24965.80078125,25088.69921875,24929.69921875,25050.55078125,25050.55078125,287100,Nifty_50
2025-08-21,25142.0,25153.650390625,25054.900390625,25083.75,25083.75,226500,Nifty_50
2025-08-22,25064.150390625,25084.849609375,24859.150390625,24870.099609375,24870.099609375,210200,Nifty_50
2025-08-25,24949.150390625,25021.55078125,24894.349609375,24967.75,24967.75,213000,Nifty_50
2025-08-26,24899.5,24919.650390625,24689.599609375,24712.05078125,24712.05078125,750500,Nifty_50
2025-08-28,24695.80078125,24702.650390625,24481.599609375,24500.900390625,24500.900390625,326600,Nifty_50
2025-08-29,24466.69921875,24572.44921875,24404.69921875,24426.849609375,24426.849609375,325500,Nifty_50
2025-09-01,24432.69921875,24635.599609375,24432.69921875,24625.05078125,24625.05078125,229300,Nifty_50
2025-09-02,24653.0,24756.099609375,24522.349609375,24579.599609375,24579.599609375,271600,Nifty_50
2025-09-03,24616.5,24737.05078125,24533.19921875,24715.05078125,24715.05078125,340300,Nifty_50
2025-09-04,24980.75,24980.75,24708.19921875,24734.30078125,24734.30078125,314100,Nifty_50
2025-09-05,24818.849609375,24832.349609375,24621.599609375,24741.0,24741.0,210100,Nifty_50
2025-09-08,24802.599609375,24885.5,24751.55078125,24773.150390625,24773.150390625,213200,Nifty_50
2025-09-09,24864.099609375,24891.80078125,24814.0,24868.599609375,24868.599609375,226900,Nifty_50
2025-09-10,24991.0,25035.69921875,24915.05078125,24973.099609375,24973.099609375,244100,Nifty_50
2025-09-11,24945.5,25037.30078125,24940.150390625,25005.5,25005.5,224600,Nifty_50
2025-09-12,25074.44921875,25139.44921875,25038.05078125,25114.0,25114.0,225700,Nifty_50
2025-09-15,25118.900390625,25138.44921875,25048.75,25069.19921875,25069.19921875,185400,Nifty_50
2025-09-16,25073.599609375,25261.400390625,25070.44921875,25239.099609375,25239.099609375,240100,Nifty_50
2025-09-17,25276.599609375,25346.5,25275.349609375,25330.25,25330.25,268900,Nifty_50
2025-09-18,25441.05078125,25448.94921875,25329.75,25423.599609375,25423.599609375,272200,Nifty_50
2025-09-19,25410.19921875,25428.75,25286.30078125,25327.05078125,25327.05078125,380400,Nifty_50
2025-09-22,25238.099609375,25331.69921875,25151.05078125,25202.349609375,25202.349609375,254500,Nifty_50
2025-09-23,25209.0,25261.900390625,25084.650390625,25169.5,25169.5,299200,Nifty_50
2025-09-24,25108.75,25149.849609375,25027.44921875,25056.900390625,25056.900390625,244400,Nifty_50
2025-09-25,25034.5,25092.69921875,24878.30078125,24890.849609375,24890.849609375,342500,Nifty_50
2025-09-26,24818.55078125,24868.599609375,24629.44921875,24654.69921875,24654.69921875,291500,Nifty_50
2025-09-29,24728.55078125,24791.30078125,24606.19921875,24634.900390625,24634.900390625,394400,Nifty_50
2025-09-30,24691.94921875,24731.80078125,24587.69921875,24611.099609375,24611.099609375,303000,Nifty_50
2025-10-01,24620.55078125,24867.94921875,24605.94921875,24836.30078125,24836.30078125,308900,Nifty_50
2025-10-03,24759.55078125,24904.80078125,24747.55078125,24894.25,24894.25,365900,Nifty_50
2025-10-06,24916.55078125,25095.94921875,24881.650390625,25077.650390625,25077.650390625,268800,Nifty_50
2025-10-07,25085.30078125,25220.900390625,25076.30078125,25108.30078125,25108.30078125,288000,Nifty_50
2025-10-08,25079.75,25192.5,25008.5,25046.150390625,25046.150390625,227400,Nifty_50
2025-10-09,25074.30078125,25199.25,25024.30078125,25181.80078125,25181.80078125,286300,Nifty_50
2025-10-10,25167.650390625,25330.75,25156.849609375,25285.349609375,25285.349609375,232900,Nifty_50
2025-10-13,25177.30078125,25267.30078125,25152.30078125,25227.349609375,25227.349609375,234300,Nifty_50
2025-10-14,25277.55078125,25310.349609375,25060.55078125,25145.5,25145.5,292100,Nifty_50
2025-10-15,25181.94921875,25365.150390625,25159.349609375,25323.55078125,25323.55078125,289900,Nifty_50
2025-10-16,25394.900390625,25625.400390625,25376.849609375,25585.30078125,25585.30078125,372800,Nifty_50
2025-10-17,25546.849609375,25781.5,25508.599609375,25709.849609375,25709.849609375,422100,Nifty_50
2025-10-20,25824.599609375,25926.19921875,25788.5,25843.150390625,25843.150390625,301100,Nifty_50
2025-10-21,25901.19921875,25934.349609375,25825.80078125,25868.599609375,25868.599609375,42500,Nifty_50
2025-10-23,26057.19921875,26104.19921875,25862.44921875,25891.400390625,25891.400390625,448400,Nifty_50
2025-10-24,25935.099609375,25944.150390625,25718.19921875,25795.150390625,25795.150390625,284900,Nifty_50
2025-10-27,25843.19921875,26005.94921875,25827.0,25966.05078125,25966.05078125,266300,Nifty_50
2025-10-28,25939.94921875,26041.69921875,25810.05078125,25936.19921875,25936.19921875,395200,Nifty_50
2025-10-29,25982.0,26097.849609375,25960.30078125,26053.900390625,26053.900390625,321900,Nifty_50
2025-10-30,25984.400390625,26032.05078125,25845.25,25877.849609375,25877.849609375,257400,Nifty_50
2025-10-31,25863.80078125,25953.75,25711.19921875,25722.099609375,25722.099609375,334400,Nifty_50
2025-11-03,25696.849609375,25803.099609375,25645.5,25763.349609375,25763.349609375,23300,Nifty_50
2025-11-04,25744.75,25787.400390625,25578.400390625,25597.650390625,25597.650390625,305100,Nifty_50
2025-11-06,25593.349609375,25679.150390625,25491.55078125,25509.69921875,25509.69921875,371900,Nifty_50
2025-11-07,25433.80078125,25551.25,25318.44921875,25492.30078125,25492.30078125,305600,Nifty_50
2025-11-10,25503.5,25653.44921875,25503.5,25574.349609375,25574.349609375,243600,Nifty_50
2025-11-11,25617.0,25715.80078125,25449.25,25694.94921875,25694.94921875,297700,Nifty_50
2025-11-12,25834.30078125,25934.55078125,25781.150390625,25875.80078125,25875.80078125,312600,Nifty_50
2025-11-13,25906.099609375,26010.69921875,25808.400390625,25879.150390625,25879.150390625,385200,Nifty_50
2025-11-14,25767.900390625,25940.19921875,25740.80078125,25910.05078125,25910.05078125,518900,Nifty_50
2025-11-17,25948.19921875,26024.19921875,25906.349609375,26013.44921875,26013.44921875,281800,Nifty_50
2025-11-18,26021.80078125,26029.849609375,25876.5,25910.05078125,25910.05078125,280000,Nifty_50
2025-11-19,25918.099609375,26074.650390625,25856.19921875,26052.650390625,26052.650390625,250100,Nifty_50
2025-11-20,26132.099609375,26246.650390625,26063.19921875,26192.150390625,26192.150390625,240400,Nifty_50
2025-11-21,26109.55078125,26179.19921875,26052.19921875,26068.150390625,26068.150390625,235600,Nifty_50
2025-11-24,26122.80078125,26142.80078125,25912.150390625,25959.5,25959.5,464700,Nifty_50
2025-11-25,25998.5,26032.599609375,25857.5,25884.80078125,25884.80078125,260500,Nifty_50
2025-11-26,25842.94921875,26215.150390625,25842.94921875,26205.30078125,26205.30078125,275300,Nifty_50
2025-11-27,26261.25,26310.44921875,26141.900390625,26215.55078125,26215.55078125,240300,Nifty_50
2025-11-28,26237.44921875,26280.75,26172.400390625,26202.94921875,26202.94921875,202500,Nifty_50
2025-12-01,26325.80078125,26325.80078125,26124.19921875,26175.75,26175.75,213800,Nifty_50
2025-12-02,26087.94921875,26154.599609375,25997.849609375,26032.19921875,26032.19921875,254800,Nifty_50
2025-12-03,26004.900390625,26066.44921875,25891.0,25986.0,25986.0,265700,Nifty_50
2025-12-04,25981.849609375,26098.25,25938.94921875,26033.75,26033.75,248100,Nifty_50
2025-12-05,25999.80078125,26202.599609375,25985.349609375,26186.44921875,26186.44921875,249300,Nifty_50
2025-12-08,26159.80078125,26178.69921875,25892.25,25960.55078125,25960.55078125,320700,Nifty_50
2025-12-09,25867.099609375,25923.650390625,25728.0,25839.650390625,25839.650390625,276000,Nifty_50
2025-12-10,25864.05078125,25947.650390625,25734.55078125,25758.0,25758.0,207900,Nifty_50
2025-12-11,25771.400390625,25922.80078125,25693.25,25898.55078125,25898.55078125,206100,Nifty_50
2025-12-12,25971.19921875,26057.599609375,25938.44921875,26046.94921875,26046.94921875,216300,Nifty_50
2025-12-15,25930.05078125,26047.150390625,25904.75,26027.30078125,26027.30078125,181600,Nifty_50
2025-12-16,25951.5,25980.75,25834.349609375,25860.099609375,25860.099609375,264400,Nifty_50
2025-12-17,25902.400390625,25929.150390625,25770.349609375,25818.55078125,25818.55078125,206500,Nifty_50
2025-12-18,25764.69921875,25902.349609375,25726.30078125,25815.55078125,25815.55078125,197600,Nifty_50
2025-12-19,25911.5,25993.349609375,25880.44921875,25966.400390625,25966.400390625,382900,Nifty_50
2025-12-22,26055.849609375,26180.69921875,26047.80078125,26172.400390625,26172.400390625,253000,Nifty_50
2025-12-23,26205.19921875,26233.55078125,26119.05078125,26177.150390625,26177.150390625,216600,Nifty_50
2025-12-24,26170.650390625,26236.400390625,26123.0,26142.099609375,26142.099609375,188800,Nifty_50
2025-12-26,26121.25,26144.19921875,26008.599609375,26042.30078125,26042.30078125,142200,Nifty_50
2025-12-29,26063.349609375,26106.80078125,25920.30078125,25942.099609375,25942.099609375,234300,Nifty_50
2025-12-30,25940.900390625,25976.75,25878.0,25938.849609375,25938.849609375,396900,Nifty_50
2025-12-31,25971.05078125,26187.94921875,25969.0,26129.599609375,26129.599609375,246300,Nifty_50
2026-01-01,26173.30078125,26197.55078125,26113.400390625,26146.55078125,26146.55078125,425600,Nifty_50
2026-01-02,26155.099609375,26340.0,26118.400390625,26328.55078125,26328.55078125,357500,Nifty_50
2026-01-05,26333.69921875,26373.19921875,26210.05078125,26250.30078125,26250.30078125,338800,Nifty_50
2026-01-06,26189.69921875,26273.94921875,26124.75,26178.69921875,26178.69921875,383000,Nifty_50
2026-01-07,26143.099609375,26187.150390625,26067.900390625,26140.75,26140.75,338200,Nifty_50
2026-01-08,26106.5,26133.19921875,25858.44921875,25876.849609375,25876.849609375,328500,Nifty_50
2026-01-09,25840.400390625,25940.599609375,25623.0,25683.30078125,25683.30078125,348800,Nifty_50
2026-01-12,25669.05078125,25813.150390625,25473.400390625,25790.25,25790.25,275800,Nifty_50
2026-01-13,25897.349609375,25899.80078125,25603.30078125,25732.30078125,25732.30078125,339500,Nifty_50
2026-01-14,25648.55078125,25791.75,25603.94921875,25665.599609375,25665.599609375,393100,Nifty_50
2026-01-16,25696.05078125,25873.5,25662.400390625,25694.349609375,25694.349609375,434000,Nifty_50
2026-01-19,25653.099609375,25653.30078125,25494.349609375,25585.5,25585.5,443100,Nifty_50
2026-01-20,25580.30078125,25585.0,25171.349609375,25232.5,25232.5,409800,Nifty_50
2026-01-21,25141.0,25300.94921875,24919.80078125,25157.5,25157.5,395600,Nifty_50
2026-01-22,25344.150390625,25435.75,25168.5,25289.900390625,25289.900390625,486400,Nifty_50
2026-01-23,25344.599609375,25347.94921875,25025.30078125,25048.650390625,25048.650390625,393900,Nifty_50
2026-01-27,25063.349609375,25246.650390625,24932.55078125,25175.400390625,25175.400390625,618700,Nifty_50
2026-01-28,25258.849609375,25372.099609375,25187.650390625,25342.75,25342.75,574900,Nifty_50
2026-01-29,25345.0,25458.150390625,25159.80078125,25418.900390625,25418.900390625,582400,Nifty_50
2026-01-30,25247.55078125,25370.69921875,25213.650390625,25320.650390625,25320.650390625,508400,Nifty_50
2026-02-02,24796.5,25108.099609375,24679.400390625,25088.400390625,25088.400390625,449200,Nifty_50
2026-02-03,26308.05078125,26341.19921875,25641.30078125,25727.55078125,25727.55078125,637300,Nifty_50
2026-02-04,25675.05078125,25818.55078125,25563.94921875,25776.0,25776.0,429800,Nifty_50
2026-02-05,25755.900390625,25757.650390625,25579.5,25642.80078125,25642.80078125,343800,Nifty_50
2026-02-06,25605.80078125,25703.94921875,25491.900390625,25693.69921875,25693.69921875,375500,Nifty_50
2026-02-09,25888.69921875,25922.25,25780.900390625,25867.30078125,25867.30078125,359400,Nifty_50
2026-02-10,25922.650390625,25989.44921875,25870.44921875,25935.150390625,25935.150390625,460900,Nifty_50
2026-02-11,25997.44921875,26009.400390625,25899.80078125,25953.849609375,25953.849609375,331400,Nifty_50
2026-02-12,25906.69921875,25906.69921875,25752.400390625,25807.19921875,25807.19921875,419400,Nifty_50
2026-02-13,25571.150390625,25630.349609375,25444.30078125,25471.099609375,25471.099609375,453500,Nifty_50
2026-02-16,25423.599609375,25697.0,25372.69921875,25682.75,25682.75,275800,Nifty_50
2026-02-17,25637.94921875,25764.400390625,25570.30078125,25725.400390625,25725.400390625,344100,Nifty_50
2026-02-18,25752.650390625,25828.05078125,25645.150390625,25819.349609375,25819.349609375,310200,Nifty_50
2026-02-19,25873.349609375,25885.30078125,25388.75,25454.349609375,25454.349609375,298200,Nifty_50
2026-02-20,25406.55078125,25663.55078125,25379.75,25571.25,25571.25,296600,Nifty_50
2026-02-23,25678.400390625,25771.44921875,25609.349609375,25713.0,25713.0,313700,Nifty_50
2026-02-24,25641.80078125,25641.80078125,25327.599609375,25424.650390625,25424.650390625,439100,Nifty_50
2026-02-25,25512.599609375,25652.599609375,25428.19921875,25482.5,25482.5,414200,Nifty_50
2026-02-26,25556.30078125,25572.94921875,25400.94921875,25496.55078125,25496.55078125,405200,Nifty_50
2026-02-27,25459.849609375,25476.400390625,25141.30078125,25178.650390625,25178.650390625,438900,Nifty_50
2026-03-02,24659.25,24989.349609375,24603.5,24865.69921875,24865.69921875,519200,Nifty_50
2026-03-04,24388.80078125,24602.44921875,24305.400390625,24480.5,24480.5,599000,Nifty_50
2026-03-05,24615.94921875,24854.19921875,24529.400390625,24765.900390625,24765.900390625,504300,Nifty_50
2026-03-06,24656.400390625,24700.900390625,24415.75,24450.44921875,24450.44921875,433400,Nifty_50
2026-03-09,23868.05078125,24078.150390625,23697.80078125,24028.05078125,24028.05078125,526900,Nifty_50
2026-03-10,24280.80078125,24303.80078125,24079.94921875,24261.599609375,24261.599609375,444300,Nifty_50
2026-03-11,24231.849609375,24299.0,23834.30078125,23866.849609375,23866.849609375,407400,Nifty_50
2026-03-12,23674.849609375,23833.150390625,23556.30078125,23639.150390625,23639.150390625,501000,Nifty_50
2026-03-13,23462.5,23492.400390625,23112.0,23151.099609375,23151.099609375,519800,Nifty_50
2026-03-16,23116.099609375,23502.0,22955.25,23408.80078125,23408.80078125,540300,Nifty_50
2026-03-17,23493.19921875,23656.80078125,23346.599609375,23581.150390625,23581.150390625,458800,Nifty_50
2026-03-18,23632.900390625,23862.25,23618.44921875,23777.80078125,23777.80078125,382900,Nifty_50
2026-03-19,23197.75,23378.69921875,22930.349609375,23002.150390625,23002.150390625,550100,Nifty_50
2026-03-20,23110.150390625,23345.150390625,23067.599609375,23114.5,23114.5,663300,Nifty_50
2026-03-23,22824.349609375,22851.69921875,22471.25,22512.650390625,22512.650390625,550300,Nifty_50
2026-03-24,22878.44921875,23057.30078125,22624.19921875,22912.400390625,22912.400390625,538100,Nifty_50
2026-03-25,23064.400390625,23465.349609375,23063.19921875,23306.44921875,23306.44921875,505400,Nifty_50
2026-03-27,23173.55078125,23186.099609375,22804.55078125,22819.599609375,22819.599609375,612600,Nifty_50
2026-03-30,22549.650390625,22714.099609375,22283.849609375,22331.400390625,22331.400390625,698600,Nifty_50
2026-04-01,22899.0,22941.30078125,22618.599609375,22679.400390625,22679.400390625,518000,Nifty_50
2026-04-02,22383.400390625,22782.30078125,22182.55078125,22713.099609375,22713.099609375,495100,Nifty_50
2026-04-06,22780.30078125,22998.349609375,22542.94921875,22968.25,22968.25,426400,Nifty_50
2026-04-07,22838.69921875,23153.849609375,22719.30078125,23123.650390625,23123.650390625,477000,Nifty_50
2026-04-08,23855.150390625,24025.150390625,23828.5,23997.349609375,23997.349609375,639300,Nifty_50
2026-04-09,23909.05078125,23990.75,23682.80078125,23775.099609375,23775.099609375,466600,Nifty_50
2026-04-10,23880.55078125,24074.05078125,23856.349609375,24050.599609375,24050.599609375,481300,Nifty_50
2026-04-13,23589.599609375,23907.400390625,23555.599609375,23842.650390625,23842.650390625,488800,Nifty_50
2026-04-15,24163.80078125,24280.900390625,24145.80078125,24231.30078125,24231.30078125,460300,Nifty_50
2026-04-16,24385.19921875,24400.94921875,24102.80078125,24196.75,24196.75,508000,Nifty_50
2026-04-17,24165.900390625,24371.900390625,24096.05078125,24353.55078125,24353.55078125,498600,Nifty_50
2026-04-20,24391.5,24480.650390625,24241.25,24364.849609375,24364.849609375,415900,Nifty_50
2026-04-21,24374.55078125,24601.69921875,24354.900390625,24576.599609375,24576.599609375,425800,Nifty_50
2026-04-22,24470.849609375,24515.94921875,24352.900390625,24378.099609375,24378.099609375,440500,Nifty_50
2026-04-23,24202.349609375,24310.19921875,24134.80078125,24173.05078125,24173.05078125,467500,Nifty_50
2026-04-24,24100.55078125,24206.0,23813.650390625,23897.94921875,23897.94921875,438400,Nifty_50
2026-04-27,23945.44921875,24130.69921875,23936.19921875,24092.69921875,24092.69921875,430300,Nifty_50
2026-04-28,24049.900390625,24181.80078125,23957.05078125,23995.69921875,23995.69921875,554100,Nifty_50
2026-04-29,24096.900390625,24334.69921875,24059.94921875,24177.650390625,24177.650390625,531100,Nifty_50
2026-04-30,23996.94921875,24087.44921875,23796.849609375,23997.55078125,23997.55078125,505500,Nifty_50
2026-05-04,24063.55078125,24290.19921875,24004.75,24119.30078125,24119.30078125,419100,Nifty_50
2026-05-05,24052.599609375,24081.69921875,23882.05078125,24032.80078125,24032.80078125,363300,Nifty_50
2026-05-06,24171.0,24356.5,23997.900390625,24330.94921875,24330.94921875,429200,Nifty_50
2026-05-07,24398.5,24482.099609375,24284.0,24326.650390625,24326.650390625,440600,Nifty_50
2026-05-08,24233.650390625,24253.80078125,24126.650390625,24176.150390625,24176.150390625,335900,Nifty_50
2026-05-11,23970.099609375,23997.44921875,23799.099609375,23815.849609375,23815.849609375,390100,Nifty_50
2026-05-12,23722.599609375,23757.55078125,23348.400390625,23379.55078125,23379.55078125,447500,Nifty_50
2026-05-13,23362.44921875,23582.94921875,23262.55078125,23412.599609375,23412.599609375,415400,Nifty_50
2026-05-14,23530.25,23777.19921875,23426.55078125,23689.599609375,23689.599609375,428700,Nifty_50
2026-05-15,23731.400390625,23839.30078125,23610.30078125,23643.5,23643.5,408900,Nifty_50
2026-05-18,23482.19921875,23695.650390625,23317.099609375,23649.94921875,23649.94921875,392000,Nifty_50
2026-05-19,23675.30078125,23782.30078125,23587.19921875,23618.0,23618.0,442000,Nifty_50
2026-05-20,23457.25,23690.900390625,23397.30078125,23659.0,23659.0,344100,Nifty_50
2026-05-21,23830.05078125,23859.900390625,23596.599609375,23654.69921875,23654.69921875,348200,Nifty_50
2026-05-22,23671.19921875,23835.650390625,23671.0,23719.30078125,23719.30078125,336100,Nifty_50
2026-05-25,23940.25,24054.44921875,23922.849609375,24031.69921875,24031.69921875,351200,Nifty_50
2026-05-26,24004.099609375,24089.80078125,23885.44921875,23913.69921875,23913.69921875,387900,Nifty_50
2026-05-27,23880.349609375,23983.19921875,23858.25,23907.150390625,23907.150390625,531600,Nifty_50
2026-05-29,23902.150390625,24002.80078125,23484.75,23547.75,23547.75,1198000,Nifty_50
2026-06-01,23654.5,23733.69921875,23357.94921875,23382.599609375,23382.599609375,421700,Nifty_50
2026-06-02,23229.150390625,23556.94921875,23229.150390625,23483.55078125,23483.55078125,511900,Nifty_50
2026-06-03,23415.94921875,23459.650390625,23151.5,23405.599609375,23405.599609375,450100,Nifty_50
2026-06-04,23282.44921875,23465.30078125,23247.30078125,23416.55078125,23416.55078125,412500,Nifty_50
2026-06-05,23478.94921875,23516.349609375,23282.650390625,23366.69921875,23366.69921875,366200,Nifty_50
2026-06-08,23080.69921875,23267.30078125,23070.150390625,23123.0,23123.0,375700,Nifty_50
2026-06-09,23259.05078125,23279.400390625,23104.44921875,23242.099609375,23242.099609375,402600,Nifty_50
2026-06-10,23233.94921875,23425.349609375,23184.599609375,23214.94921875,23214.94921875,380000,Nifty_50
2026-06-11,23104.400390625,23327.44921875,23072.05078125,23161.599609375,23161.599609375,363000,Nifty_50
2026-06-12,23412.55078125,23645.349609375,23313.900390625,23622.900390625,23622.900390625,351900,Nifty_50
2026-06-15,23984.849609375,24011.400390625,23817.80078125,23853.900390625,23853.900390625,398900,Nifty_50
2026-06-16,23923.900390625,24002.599609375,23888.19921875,23989.150390625,23989.150390625,327300,Nifty_50
2026-06-17,24044.5,24108.19921875,23969.69921875,24085.69921875,24085.69921875,352700,Nifty_50
2026-06-18,24073.80078125,24189.25,24036.94921875,24168.0,24168.0,340000,Nifty_50
2026-06-19,23991.19921875,24047.19921875,23901.900390625,24013.099609375,24013.099609375,447900,Nifty_50
2026-06-22,24106.599609375,24168.05078125,24073.150390625,24102.900390625,24102.900390625,252800,Nifty_50
2026-06-23,24071.30078125,24135.5,23784.94921875,23824.099609375,23824.099609375,340100,Nifty_50
2026-06-24,23795.80078125,24090.05078125,23789.25,24021.650390625,24021.650390625,395600,Nifty_50
2026-06-25,24125.849609375,24261.599609375,24039.0,24056.0,24056.0,448800,Nifty_50
2026-06-29,24061.75,24120.0,23924.55078125,23946.25,23946.25,588500,Nifty_50
2026-06-30,24032.05078125,24035.55078125,23829.19921875,23865.75,23865.75,449000,Nifty_50
2026-07-01,23897.650390625,24049.900390625,23895.099609375,24005.849609375,24005.849609375,352100,Nifty_50
2026-07-02,24062.19921875,24194.55078125,24058.80078125,24175.69921875,24175.69921875,372900,Nifty_50
2026-07-03,24375.650390625,24378.150390625,24252.349609375,24270.849609375,24270.849609375,326600,Nifty_50
2026-07-06,24306.849609375,24458.650390625,24287.099609375,24430.349609375,24430.349609375,329400,Nifty_50
2026-07-07,24464.44921875,24530.900390625,24348.94921875,24398.69921875,24398.69921875,412600,Nifty_50
2026-07-08,24259.55078125,24300.0,23805.19921875,23882.05078125,23882.05078125,420500,Nifty_50
2026-07-09,23928.94921875,24134.69921875,23925.69921875,23962.80078125,23962.80078125,384800,Nifty_50
2026-07-10,24124.69921875,24228.44921875,24120.349609375,24206.900390625,24206.900390625,313100,Nifty_50
2026-07-13,24039.400390625,24259.80078125,24000.19921875,24211.0,24211.0,322700,Nifty_50
2026-07-14,24068.0,24157.099609375,24023.69921875,24052.05078125,24052.05078125,355800,Nifty_50
2026-07-15,24085.849609375,24220.349609375,24010.55078125,24078.5,24078.5,306900,Nifty_50
2026-07-16,24142.099609375,24186.5,24050.0,24072.75,24072.75,264300,Nifty_50
2026-07-17,24127.599609375,24367.30078125,24099.05078125,24334.30078125,24334.30078125,387800,Nifty_50
2026-07-20,24190.05078125,24266.099609375,24135.849609375,24238.5,24238.5,353100,Nifty_50
2026-07-21,24216.05078125,24262.19921875,24135.650390625,24187.69921875,24187.69921875,315600,Nifty_50
2026-07-22,24150.44921875,24166.30078125,23961.400390625,23996.25,23996.25,304700,Nifty_50
2026-07-23,23904.80078125,23990.75,23807.19921875,23869.599609375,23869.599609375,344000,Nifty_50
2026-07-24,23666.349609375,23823.599609375,23606.30078125,23767.44921875,23767.44921875,333900,Nifty_50
2026-07-27,23928.400390625,24011.599609375,23891.55078125,23995.94921875,23995.94921875,319400,Nifty_50
2026-07-28,23971.25,24041.150390625,23954.599609375,23985.349609375,23985.349609375,437800,Nifty_50
2026-07-29,24176.650390625,24283.55078125,24136.75,24250.19921875,24250.19921875,424200,Nifty_50
2026-07-30,24249.55078125,24342.94921875,24187.099609375,24317.150390625,24317.150390625,400600,Nifty_50
2026-07-31,24361.44921875,24429.400390625,24299.69921875,24383.599609375,24383.599609375,411700,Nifty_50
2026-08-03,24572.69921875,24774.30078125,24515.150390625,24774.30078125,24774.30078125,342300,Nifty_50
2026-08-04,24703.900390625,24703.900390625,24427.94921875,24614.900390625,24614.900390625,296500,Nifty_50
2026-08-05,24669.19921875,24677.599609375,24497.94921875,24624.650390625,24624.650390625,355500,Nifty_50
2026-08-06,24641.0,24677.05078125,24604.150390625,24636.0,24636.0,344000,Nifty_50
2026-08-07,24538.900390625,24630.400390625,24522.75,24570.650390625,24570.650390625,254800,Nifty_50
2026-08-10,24581.25,24620.94921875,24511.099609375,24583.80078125,24583.80078125,269500,Nifty_50
2026-08-11,24575.099609375,24576.849609375,24429.25,24471.69921875,24471.69921875,271800,Nifty_50
2026-08-12,24472.44921875,24473.30078125,24265.94921875,24435.94921875,24435.94921875,317600,Nifty_50
2026-08-13,24431.599609375,24431.599609375,24311.400390625,24395.849609375,24395.849609375,295800,Nifty_50
2026-08-14,24361.900390625,24405.19921875,24296.80078125,24366.0,24366.0,267700,Nifty_50
2026-08-17,24343.44921875,24360.099609375,24226.94921875,24287.650390625,24287.650390625,225400,Nifty_50
2026-08-18,24223.849609375,24269.650390625,24154.900390625,24154.900390625,24154.900390625,227000,Nifty_50
2026-08-19,24152.05078125,24172.849609375,24025.650390625,24078.30078125,24078.30078125,238700,Nifty_50
